id,Theme,Enabling condition,Minimal,Key Factor,Question,Definition,Guidance,Follow up question(s),Examples of strategies to address gap in key factor
1,Motivar,Benefícios,Econômico,A restauração gera benefícios econômicos.,"• A restauração da área-alvo deverá gerar benefícios econômicos que resultem em um impacto financeiro ou econômico líquido positivo em toda a economia, em comparação com o uso atual da terra? ","Espera-se que a restauração da área candidata produza benefícios econômicos (por exemplo, diversificação econômica, prevenção de danos, novos produtos comercializáveis) que criem um impacto financeiro líquido positivo (benefícios privados) e/ou um impacto líquido positivo em toda a economia (benefícios públicos) em relação ao uso atual da terra. Nota lateral: “Impactos econômicos que se referem a benefícios ambientais que funcionam como bens públicos, ou a impactos econômicos em toda a economia que capturam os efeitos indiretos relacionados à restauração nas cadeias de valor e na economia em geral, incluindo o crescimento do PIB e o emprego. Esses impactos geralmente decorrem de benefícios econômicos, como diversificação, prevenção de danos e novos produtos de mercado possibilitados pela restauração. ","• Os benefícios econômicos da restauração correspondem aos resultados positivos gerais em termos de renda ou finanças que resultam da implementação de atividades de restauração em comparação com um cenário de manutenção do status quo. 
• Alguns exemplos de benefícios econômicos incluem aumento da renda, melhores oportunidades de negócios, aumento da produção de produtos essenciais ou novas oportunidades de emprego resultantes dos esforços de restauração. Uma lista mais completa dos potenciais benefícios está incluída nesta ferramenta na tabela “Benefícios da Restauração”.
• O cronograma para esta resposta deve levar em consideração o plano de atividades de restauração, reconhecendo que os processos de restauração e seus benefícios ocorrem a longo prazo.
• Anote quais pessoas ou grupos têm maior probabilidade de receber esses benefícios.
• Alguns proprietários de terras podem temer que a “restauração” signifique a perda de suas terras, seus direitos de uso ou sua renda em relação ao status quo. Portanto, a resposta a esta pergunta pode ser comprovada por documentos que demonstrem como os benefícios líquidos superam os custos. Nota: A formalização dos direitos territoriais poderá surgir como um benefício adicional do projeto de restauração. Em alguns casos, a implementação do projeto e o desembolso de fundos para apoiar as atividades de restauração podem exigir que os direitos de propriedade da terra sejam claramente definidos. Consequentemente, isso poderia acelerar os processos de demarcação e permitir que as comunidades locais obtivessem títulos legais de suas terras.","• Se a resposta for “sim”, quais são os benefícios econômicos esperados?
• Se a resposta for “sim”, quem recebe os benefícios?
• Se a respostar for  “não”, qual a magnitude da lacuna financeira ou econômica prevista?
","• Realizar uma análise de custo-benefício comparando (a) os prováveis benefícios gerados pela paisagem restaurada, (b) os prováveis custos de restauração da paisagem alvo e (c) os prováveis custos e benefícios do uso atual da paisagem.",8255
2,Motivar,Benefícios,Social,A restauração gera benefícios sociais.,"• A restauração da área-alvo deverá gerar benefícios sociais, culturais ou políticos para as pessoas que vivem nessa área, incluindo grupos vulneráveis como mulheres, jovens e povos indígenas?

","Espera-se que a restauração da área-alvo melhore os meios de subsistência, eleve o status social ou político de populações vulneráveis, proteja ou restaure sítios de patrimônio cultural natural ou o uso de práticas culturalmente significativas, ou produza outros benefícios sociais, culturais e/ou políticos para a população local.

","• Revise a lista de possíveis benefícios sociais na tabela ""Benefícios da Restauração"" disponível nos materiais de apoio desta ferramenta. Por exemplo, as atividades de restauração podem gerar benefícios sociais, culturais ou políticos, como maior visibilidade dos valores culturais, reconhecimento dos conhecimentos ecológicos tradicionais, alcançar conquistas políticas, aumento das oportunidades de lazer ou melhoria da equidade de gênero. A restauração também pode permitir que os governos sejam vistos como líderes na esfera global e cumpram os compromissos assumidos em acordos internacionais (por exemplo, UNFCCC, UNCCD, UNCDB, REDD, ODS). Além disso, a restauração pode ser benéfica para países ou comunidades com uma ligação cultural histórica às florestas ou outros ecossistemas (por exemplo, tradições e folclore ligados à floresta, meios de subsistência e emprego baseados em ecossistemas).
• Analise se os benefícios listados na tabela são reconhecidos ou considerados nos planos, programas ou atividades de restauração na paisagem em questão. 
• Anote quais pessoas ou grupos têm maior probabilidade de receber esses benefícios. 
","• Se a resposta for “sim”, quais são os benefícios sociais esperados?","• Envolver as comunidades que vivem dentro e ao redor da área-alvo para identificar seus objetivos e prioridades sociais, políticos ou culturais. Isso pode ser feito por meio de pesquisas ou workshops presenciais. Com base nesse exercício, criem em conjunto um mapa de intervenções de restauração que possam ajudar a alcançar esses objetivos. 
• Validar os planos de restauração existentes, os instrumentos de financiamento, os sistemas de monitoramento e os indicadores junto às comunidades locais, incluindo representantes de populações vulneráveis, para garantir que os planos atendam às necessidades da comunidade. ",
3,Motivar,Conscientização,Ambiental,A restauração gera benefícios ambientais.,• A restauração da área-alvo deverá gerar benefícios ambientais?,"Espera-se que a restauração da área-alvo gere benefícios ambientais substanciais e de longo prazo, incluindo a conservação e recuperação da biodiversidade, maior mitigação e adaptação às mudanças climáticas, menor degradação do solo e desertificação, e a restauração de serviços ecossistêmicos vitais, como regulação da água, fertilidade do solo e sequestro de carbono. Essas melhorias contribuirão para aumentar a resiliência ecológica e os meios de subsistência sustentáveis ao longo do tempo.","Alguns exemplos de benefícios ambientais incluem o aumento da biodiversidade, maior segurança das bacias hidrográficas, maior mitigação e adaptação às mudanças climáticas e aumento da fertilidade do solo, entre outros. Uma descrição mais completa dos benefícios ambientais previstos é fornecida nos materiais de apoio a este diagnóstico. Tabela “Benefícios da Restauração”.","• Se a resposta for “sim”, quais são os benefícios ambientais esperados?","• Envolver cientistas (por exemplo, biólogos, ecólogos, hidrólogos, cientistas do solo) para identificar quais benefícios ambientais poderiam ser gerados pelos esforços de restauração.         ",
4,Motivar,Conscientização,Comunicação pública,Os benefícios da restauração são comunicados publicamente.,"• Os benefícios da restauração da área-alvo são comunicados a todas as partes interessadas, incluindo os grupos vulneráveis, e os canais de comunicação são projetados para alcançar essas diversas partes interessadas??","Os benefícios da restauração da paisagem alvo foram claramente comunicados aos administradores de terras, grupos vulneráveis e outras partes interessadas.
","• A comunicação pode ser realizada por meio de diversos canais, incluindo artigos, imprensa, redes sociais, rádio e televisão, visitas de demonstração, obras de teatro de rua ou outras vias direcionadas às partes interessadas e aos tomadores de decisão relevantes.
• A comunicação entre pares sobre os benefícios da restauração pode ser um meio eficaz de aumentar a conscientização e motivar a ação.
• Analise se esta comunicação está organizada como parte de uma estratégia mais ampla de envolvimento das partes interessadas.
• Uma lista mais completa dos benefícios está incluída nos materiais de apoio ao diagnóstico, na tabela “Benefícios da Restauração”.
","• Que benefícios poderiam surgir?
• De que forma a comunicação com as principais partes interessadas foi especificamente direcionada ou incluída?
","• Desenvolver materiais e campanhas de conscientização por meio de jornais, rádio, televisão, internet ou visitas a locais, dependendo do público-alvo.
• Implementar ou aproveitar atividades de restauração já existentes em âmbito nacional, como programas de plantio de árvores em escolas ou em áreas públicas.
",
5,Motivar,Conhecimento,Oportunidades de Restauração ,As oportunidades de restauração são identificadas.,• As áreas prioritárias ou alvo para restauração foram identificadas e quantificadas?,As áreas adequadas para restauração foram identificadas e quantificadas.    ,"• As áreas-alvo para restauração são os locais onde os esforços de restauração devem ser realizados com base em uma combinação de considerações ambientais, sociais e econômicas. 
• As informações sobre essas oportunidades podem ser apresentadas em mapas nacionais ou subnacionais e/ou estratégias de restauração, e devem ser consistentes com as áreas que as agências governamentais utilizam ao alocar fundos, programas e recursos de planejamento para a restauração. 
• Analise se as partes interessadas reconhecem e se referem aos mesmos níveis de prioridade.","• Se a resposta for “sim”, quais são as áreas candidatas?
• Se a resposta for “sim”, qual é a dimensão da oportunidade de restauração?
",• Realizar uma atividade de planejamento sobre “Metodologia para avaliação de oportunidades de restauração”. Este é um recurso abrangente de planejamento de restauração disponível online em https://iucn.org/resources/grey-literature/guide-restoration-opportunities-assessment-methodology-roam,
6,Motivar,Eventos de crisis,Eventos de crisis,Eventos de crise são aproveitados,"• A área em questão está passando por um evento de crise, ou corre o risco de que um evento desse tipo ocorra no futuro, o que motivaria a restauração da paisagem em questão? E como esses eventos poderiam afetar diferentes grupos populacionais (rurais e camponeses, urbanos, indígenas, mulheres, jovens, etc.)? ",O governo e/ou a sociedade civil aproveitam o risco ou a oportunidade de eventos de crise para gerar apoio político e público à restauração de ecossistemas.,"• Eventos de crise podem incluir inundações, deslizamentos de terra, secas, incêndios, tempestades de areia, escassez de madeira, diminuição da produção agrícola e desemprego, entre outros.  As crises podem incluir desastres humanitários em que os danos poderiam ter sido evitados se os ecossistemas naturais estivessem intactos (por exemplo, um deslizamento de terra), em que a ação de restauração poderia abordar a crise (por exemplo, o desemprego) ou em que a restauração previne crises futuras (por exemplo, inundações). 
Ninguém deseja que esses eventos ocorram.  Mas quando esses eventos ocorrem, os defensores da restauração devem agir rapidamente para mobilizar apoio político e comunitário para a restauração.
• No contexto das mudanças climáticas e da resiliência, é necessário levar em consideração tanto os impactos climáticos passados quanto os cenários futuros e planejar de acordo, sendo que os limites agora precisam ser calculados de forma mais abrangente.","• Que tipos de crises ocorreram no cenário em questão no passado? 
• Que tipos de crises podem ocorrer no futuro?  
","• Realizar e comunicar pesquisas que quantifiquem e visualizem em que medida os ecossistemas restaurados podem prevenir ou mitigar desastres humanitários naturais e economizar dinheiro em esforços de mitigação quando o planejamento e a prevenção adequados são implementados.

• Quando ocorrerem desastres, comunique imediatamente ao público os benefícios da restauração.
",
7,Motivar,Requisitos legais,Existem leis e políticas.,Existem leis e políticas que exigem a restauração.,"• Existem leis ou políticas que obriguem os proprietários ou administradores de terras a replantar ou restaurar ecossistemas em áreas que foram desmatadas (por exemplo, florestas, pastagens, zonas úmidas)?",O governo possui leis e políticas que exigem que os administradores de terras permitam a recuperação da vegetação natural ou o replantio de árvores em ecossistemas naturais que tenham sido desmatados na área em questão.  ,"• Analise se a legislação exige especificamente a restauração, por exemplo, requisitos de reflorestamento, obrigações de reabilitação de terras ou regulamentos para a restauração de atividades extrativas. Essas leis e políticas especificam quem é obrigado a restaurar, em que situações e por quanto tempo? Este quadro legal aplica-se a todos os limites da área em questão? (Em outras palavras, os requisitos são válidos em todo o país?)
• Os requisitos de restauração geralmente são direcionados mais a entidades envolvidas em exploração madeireira comercial, mineração ou outras atividades extrativas do que a atividades de subsistência.","• Em caso afirmativo, quais são os termos e condições específicos estabelecidos pela lei (por exemplo, o que deve ser restituído, quando e como)?","• Estabelecer uma lei governamental (ou política industrial) que obrigue os administradores de terras a permitir que a vegetação se recupere ou seja replantada em áreas que foram desmatadas devido a sua própria atividade comercial (por exemplo, exploração madeireira, mineração, etc.).",
8,Motivar,Requisitos legais,As leis e políticas são compreendidas.,As leis e políticas que exigem a restauração são amplamente compreendidas e aplicadas.,"• A lei ou  política que exige a restauração de ecossistemas é aplicada de forma visível, credível e justa, e é amplamente compreendida por todos os atores relevantes, incluindo os grupos vulneráveis?","As leis e políticas que exigem a recuperação ou o replantio de árvores na paisagem em questão são compreendidas pelos atores relevantes e aplicadas de forma visível, credível e justa.","• Não basta que exista uma lei que exija a res; a lei deve ser aplicada de forma justa, compreendida pelas entidades afetadas e cumprida pelas autoridades para motivar a reparação.
• Analise se os requisitos legais para a restauração da paisagem são comunicados às principais partes interessadas e complementados por ações como campanhas de comunicação, medidas de fiscalização (por exemplo, multas) para violações dos requisitos de restauração e garantia de recursos humanos e financeiros adequados para o cumprimento das normas.
• Os mandatos governamentais de restauração podem gerar sensibilidades em relação ao envolvimento do governo em decisões sobre o uso da terra que, de outra forma, seriam da responsabilidade das comunidades tradicionais ou de proprietários de terras privados. Portanto, a forma como os requisitos legais são comunicados e complementados por outras políticas, incentivos e práticas pode ser importante para o sucesso do cumprimento desse requisito.",• Não basta ter uma lei que exija a reparação; é necessário que as entidades afetadas a compreendam e que as autoridades a apliquem para motivar a reparação.,"• Realizar uma campanha de comunicação para conscientizar as partes interessadas relevantes sobre os requisitos de restauração.
• Adotar medidas coercitivas (por exemplo, multas, recusa de acesso a crédito, prisão) contra violações dos requisitos de restabelecimento.
• Garantir que os recursos humanos e financeiros para a aplicação da lei sejam adequados.
",
9,Habilitar,Condições ecológicas,"Solo, água, clima e fogo","As condições do solo, da água, do clima e do fogo são adequadas para a restauração.","• As condições do solo, a precipitação, a temperatura, os incêndios e a gestão da paisagem pretendida são adequadas para permitir o crescimento e a sobrevivência da vegetação plantada ou de regeneração natural?  ","As condições de solo, precipitação e temperatura da paisagem em questão são adequadas para o crescimento da vegetação natural, e o regime de incêndios não impede a recuperação dos ecossistemas naturais. ","• Este fator-chave combina múltiplas condições ecológicas que afetam a restauração do ecossistema.  Cada condição (solo, precipitação, temperatura, incêndios) deve ser avaliada separadamente, mas a resposta pode refletir a soma das quatro.","• Se a resposta for “não”, quais são as deficiências em termos de aptidão física? Será viável tentar superar essas limitações?","• Gerir ou ajustar o plano de restauração de forma adaptativa (por exemplo, a composição das espécies) para corresponder ao regime hídrico e climático da paisagem.
• Implementar um programa para prevenir incêndios indesejados ou introduzir queimadas controladas.
• Implementar um programa para melhorar a qualidade do solo (por exemplo, plantando espécies fixadoras de nitrogênio). 
• Criar diques ou estruturas em forma de crescente para armazenar água após as chuvas.",
10,Habilitar,Condições ecológicas,Espécies invasoras,Plantas e animais que possam dificultar a restauração são mantidos em níveis mínimos.,• É possível eliminar ou controlar eficazmente plantas e animais invasores indesejados que dificultam a recuperação do ecossistema em paisagens e locais de restauração alvo?,"Espécies invasoras persistentes na paisagem em questão podem ser manejadas ou controladas para evitar que interfiram com a vegetação replantada ou em regeneração natural. Áreas de restauração podem ser protegidas do pastoreio de gado, que prejudica a recuperação do ecossistema.","• Considere se existem medidas de monitoramento ou controle (cercas, manejo de ervas daninhas, remoção) para gerenciar espécies problemáticas ou invasoras que possam competir com as espécies utilizadas para restauração ou excluí-las.
• As paisagens podem estar livres de plantas e/ou animais indesejados, seja porque nunca existiram naturalmente na paisagem, seja porque foram minimizados com sucesso por meio de manejo.
• Alguns exemplos de espécies que podem dificultar os esforços de restauração são Brachiaria spp. no Brasil, Imperata cylindrica na Indonésia, Pueraria montana (kudzu) no sul dos Estados Unidos e animais em pastoreio descontrolado (gado, ovelhas, cabras) em vários locais.","• Caso a resposta seja “não”, quais são as espécies vegetais e/ou animais persistentes e como elas afetam a restauração do ecossistema?","• Implementar um programa para eliminar plantas invasoras (por exemplo, usar árvores nativas de crescimento rápido para sombrear plantas invasoras, usar cabras, uso apropriado do fogo).
• Implementar um programa para excluir animais indesejados que estejam soltos (por exemplo, incentivos e treinamento em cercas).
",
11,Habilitar,Condições ecológicas,Populações de origem ,"Sementes nativas, mudas ou populações de origem estão facilmente disponíveis.","• A paisagem em questão possui populações-fonte, bancos de propágulos no solo (como sistemas radiculares subterrâneos e bancos de sementes) ou fontes de baixo custo de sementes e mudas nativas que possam servir de base para a recuperação do ecossistema? ","A paisagem em questão possui recursos naturais que favorecem a regeneração, como áreas naturais próximas, regeneração de raízes subterrâneas, sementes dispersas por animais e fácil acesso a sementes e mudas nativas de baixo custo que contribuem para a recuperação do ecossistema.","• Populações-fonte viáveis ou bancos de propágulos no solo de plantas nativas são vitais para a restauração passiva.  
• Este fator-chave de sucesso aplica-se a toda a cadeia de abastecimento de sementes e mudas nativas, incluindo a produção de sementes, a coleta e o processamento de sementes e os viveiros de mudas.","• Se a resposta for “não”, onde está a lacuna (por exemplo, sementes, coletores de sementes, viveiros, populações de origem, bancos de propágulos no solo)?","• Estabelecer leis que protejam as áreas remanescentes de vegetação nativa na paisagem candidata.
• Criar incentivos financeiros e programas de capacitação com o objetivo de fortalecer e aumentar o número e a qualidade dos viveiros de mudas e das redes de coletores de sementes.
",
12,Habilitar,Condições econômicas,Demandas concorrentes,"As demandas econômicas conflitantes pelo uso da terra (por exemplo, alimentos, combustível) que causam degradação são gerenciadas. ","• As pressões econômicas decorrentes da produção de culturas agrícolas, pecuária, lenha e/ou biocombustíveis em terras degradadas e ecossistemas naturais estão diminuindo na paisagem em questão?","A demanda pela produção de culturas agrícolas, pecuária, lenha e/ou biocombustíveis em ecossistemas degradados ou naturais na paisagem em questão está diminuindo (por exemplo, devido a melhorias na produtividade em outros locais), o que reduz as pressões que impulsionam a degradação do solo e ""libera"" oportunidades para a restauração.  ","• As pressões competitivas sobre o uso da terra podem advir da expansão agrícola, do desenvolvimento de infraestruturas, do pastoreio de gado, da lenha e da urbanização.
• Este fator-chave de sucesso é possivelmente um dos mais importantes tendo em conta a crescente procura global de terras para produzir culturas, gado e biocombustíveis (Searchinger et al. 2013).  
• Este fator crucial não se aplicaria quando a terra fosse restaurada para sistemas agroflorestais ou silvopastoris que continuassem a produzir culturas e gado, respectivamente.",• Quais são os principais usos alternativos concorrentes da terra para áreas candidatas à restauração?,"• Aplicar medidas técnicas e financeiras para aumentar a produtividade (rendimento por hectare) das culturas e da pecuária em terras agrícolas não marginais existentes.
• Implementar medidas técnicas e financeiras para aumentar o fornecimento de madeira, produtos agrícolas e energia renovável não derivada de biomassa proveniente de paisagens restauradas.
• Evite definir metas de bioenergia que possam levar à degradação do solo ou à conversão de antigas áreas florestais em plantações de biomassa.
• As medidas financeiras incluem incentivos políticos? Uma estratégia fundamental para lidar com essa pressão econômica é redirecionar os incentivos de atividades prejudiciais ao uso da terra para práticas agrícolas regenerativas. ",
13,Habilitar,Condições econômicas,Cadeias de valor,"Existem cadeias de valor e/ou mercados para produtos básicos (madeira, produtos agrícolas) e produtos ambientais (carbono, água, biodiversidade) provenientes de áreas restauradas.",• Existem cadeias de valor que permitem que os produtos de terras restauradas cheguem aos consumidores finais?,"Na medida em que a restauração florestal na paisagem alvo gerar produtos e serviços comercializáveis, serão estabelecidas cadeias de valor que permitirão que esses produtos cheguem ao consumidor final a partir da floresta restaurada.","• Este fator-chave de sucesso refere-se tanto ao acesso ao mercado quanto à demanda de mercado por produtos e serviços derivados de paisagens florestais restauradas. Uma “cadeia de valor” descreve as múltiplas etapas envolvidas no fornecimento de um produto ou serviço, como colheita, coleta, processamento, transporte e distribuição. Uma cadeia de valor derivada da restauração sugere que indivíduos ou grupos na paisagem em questão podem obter meios de subsistência e desenvolver atividades econômicas locais como parte da restauração do ecossistema.
• Analise se existem iniciativas, cooperativas ou empresas nas paisagens visadas que vendem produtos ou serviços como resultado de atividades de restauração. Será que os produtores nesses locais conseguem diferenciar seus produtos e serviços por meio de rótulos, certificações ou acesso a mercados preferenciais? Existe infraestrutura para processar e agregar os produtos e serviços oferecidos pelas regiões-alvo?
• Os serviços ecossistêmicos restaurados podem incluir recreação, turismo e abastecimento de água.","• Se a resposta for “não”, onde estão as lacunas nessa cadeia de valor?
• Se a resposta for “sim”, qual é a cadeia de valor, incluindo produtores, intermediários, consumidores finais, etc.?","• Promover o crescimento dos mercados (tanto de oferta quanto de demanda) de produtos básicos (madeira, produtos agrícolas) e produtos ambientais (carbono, água, biodiversidade) derivados de paisagens restauradas.
• Oferecer financiamento com juros baixos para empresas diretamente envolvidas na “cadeia de valor da restauração”.
",
14,Habilitar,Condições das políticas,Arrendamento de Terras,"Usuários da terra, proprietários de terras ou comunidades têm direitos de posse seguros sobre a terra e seus recursos naturais. ","• Os administradores da área em questão possuem direitos claros e seguros para usar a terra, colher produtos de forma sustentável e receber os benefícios financeiros que resultariam da restauração? Esses direitos são acessíveis a todas as partes interessadas, incluindo mulheres e grupos vulneráveis? ","As pessoas e comunidades que administram a paisagem em causa têm direitos claros e seguros (por exemplo, sob a forma de propriedade da terra ou direitos de gestão de recursos naturais) aos benefícios que resultariam da restauração.","• A falta (ou insegurança) de posse da terra e de direitos sobre os recursos naturais na paisagem em questão pode desencorajar a restauração que envolva intervenção humana.  As pessoas não investirão no plantio de árvores e vegetação nativas nem permitirão a regeneração natural nas terras que administram se não houver probabilidade de se beneficiarem do estado restaurado.
• Os direitos de posse e os direitos sobre recursos naturais podem assumir a forma de propriedade privada da terra, terras comunitárias, acordos consuetudinários, certificados de direitos de uso, etc.

• Considere também se a posse existente se sobrepõe ou entra em conflito com os direitos consuetudinários.","• Se a resposta for “não”, quais direitos estão faltando e para quem?","• Reformar as políticas para garantir que os administradores de terras tenham direitos claros e seguros sobre a terra e os recursos naturais (por exemplo, árvores) em suas terras.",
15,Habilitar,Condições das políticas,Políticas,As políticas que afetam a restauração são harmonizadas e simplificadas.,"• As políticas que podem ter impacto na restauração da paisagem alvo estão alinhadas e otimizadas em um contexto global, nacional, subnacional e local?","As políticas públicas relevantes estão alinhadas, são consistentes e otimizadas para apoiar eficazmente os esforços de restauração na área-alvo. Essas políticas se reforçam mutuamente, minimizam barreiras administrativas desnecessárias e criam um ambiente propício à sua implementação. Políticas que promovam a igualdade de gênero e a inclusão social também são consideradas essenciais para apoiar resultados de restauração inclusivos e sustentáveis.","• As políticas nacionais sobre clima, biodiversidade e degradação do solo provavelmente terão pontos de convergência para a restauração, que podem ser considerados por meio dos comitês nacionais existentes.
• Outras políticas a serem consideradas incluem aquelas relacionadas à agricultura, indústrias extrativas, água, planejamento do uso da terra, infraestrutura e recursos naturais.
• Em alguns casos, as políticas de conservação da natureza ou outros setores podem inibir a restauração (por exemplo, leis que proíbem a remoção de sementes nativas de áreas protegidas, leis que proíbem a colheita de espécies arbóreas nativas, subsídios que incentivam fatores de degradação).","• Se a resposta for “não”, quais políticas não estão alinhadas ou simplificadas?","• Realizar uma avaliação para identificar as políticas existentes que possam afetar a eficácia e a eficiência da restauração de ecossistemas, determinar se cada uma delas se apoia mutuamente e recomendar reformas políticas para alcançar maior alinhamento.",
16,Habilitar,Condições das políticas,Existem restrições à compensação.,"Existem restrições à exploração madeireira nos ecossistemas naturais remanescentes (florestas, pastagens, zonas úmidas, etc.).",• A área em questão possui leis que restringem a exploração madeireira ou o desmatamento dos ecossistemas naturais remanescentes?,A área em questão possui leis que restringem o desmatamento ou a exploração madeireira dos ecossistemas naturais remanescentes.,"• Restrições à exploração madeireira em florestas remanescentes e ecossistemas naturais podem impedir a expansão de áreas degradadas ou exploradas. Essas restrições também criam um incentivo para restaurar a produtividade de áreas já exploradas, uma vez que as oportunidades de utilização da fronteira florestal são reduzidas.
• As restrições também podem assumir a forma de uma extensa rede de parques nacionais e florestas nacionais, uma extensa rede de territórios indígenas florestados, padrões de proteção de ecossistemas em terras comunitárias, padrões de “perda líquida zero”, percentuais específicos de terra que devem permanecer como floresta (por exemplo, o Código Florestal do Brasil) e muito mais.
• Um componente importante desse fator-chave de sucesso é que as “florestas e ecossistemas naturais” foram claramente definidos pela jurisdição que patrocina a restrição (por exemplo, o governo nacional).  Essa definição deve incluir florestas primárias, florestas secundárias, florestas degradadas e outros ecossistemas com potencial de restauração. ","• Se sim, quais são essas leis?","• Estabelecer leis que restrinjam a exploração madeireira ou o desmatamento dos ecossistemas naturais remanescentes. Estabelecer, fortalecer e aplicar marcos legais e regulamentares que restrinjam a exploração madeireira, o desmatamento ou a conversão dos ecossistemas naturais remanescentes, garantindo a proteção a longo prazo dos habitats críticos e das funções ecológicas.",
17,Habilitar,Condições das políticas,Aplicam-se restrições de limpeza.,"Existem restrições à exploração madeireira em ecossistemas naturais remanescentes (por exemplo, florestas, pastagens, zonas úmidas).",• Essas restrições ao desmatamento ou à exploração madeireira estão sendo aplicadas adequadamente?,As leis que restringem a exploração madeireira dos ecossistemas naturais remanescentes são devidamente aplicadas.,"• Não basta ter regulamentos que restrinjam a exploração madeireira dos ecossistemas naturais remanescentes; é necessário que as autoridades competentes façam cumprir essas restrições.
• Particularmente em áreas remotas, a aplicação da lei depende da capacidade das organizações policiais e dos incentivos que estas possuem para desempenhar suas atividades.","• Se a resposta for ""não"", por quê?","• Realizar campanhas de comunicação para conscientizar as partes interessadas relevantes sobre a lei. 
• Estabelecer um sistema de monitoramento das mudanças na cobertura florestal para identificar atividades de extração ilegal de madeira.
• Adotar medidas coercitivas (por exemplo, multas, recusa de acesso a crédito) contra violações da lei.
• Garantir que os recursos humanos e financeiros para a aplicação da lei sejam adequados.
",
18,Habilitar,Condições sociais e culturais,"Mulheres, jovens, povos indígenas","Mulheres, jovens e povos indígenas participam da tomada de decisões sobre a restauração.","• As mulheres, os jovens e os povos indígenas que vivem na área-alvo e em seus arredores, juntamente com os sistemas culturais, as estruturas de governança tradicional e os sistemas de conhecimento que representam, estão envolvidos de forma significativa na tomada de decisões sobre a restauração (por exemplo, concepção do programa, definição de metas, gestão, monitoramento e seleção de indicadores)?","Mulheres, jovens e povos indígenas são explicitamente reconhecidos e apoiados como participantes-chave no planejamento e implementação da restauração em todas as escalas. Seus sistemas culturais, estruturas de governança tradicionais e conhecimentos são respeitados e integrados aos órgãos de tomada de decisão, acordos de governança e processos de monitoramento, garantindo resultados de restauração inclusivos, representativos e culturalmente adequados.","• A tomada de decisões relacionadas a essas áreas (incluindo planejamento, projeto, gestão e monitoramento) deve ser inclusiva e culturalmente adequada. Quando a participação é limitada ou extrativista, os esforços de restauração correm o risco de fragmentação, enfraquecimento da apropriação local e distribuição desigual dos benefícios, especialmente para mulheres, jovens e povos indígenas.
• Aproveitar e fortalecer as instituições locais existentes e os processos culturalmente enraizados (por exemplo, cooperativas florestais a nível de aldeia, grupos de mulheres, organizações de povos indígenas, associações de jovens e sistemas de governação tradicionais) pode apoiar os acordos de cogestão, melhorar a participação local e aumentar a adoção a longo prazo de iniciativas de restauração.
• O planejamento e a implementação da restauração devem reconhecer e respeitar os sistemas culturais em geral (incluindo os valores, o conhecimento e as práticas de diversos grupos de partes interessadas) e integrar essas perspectivas nos processos de tomada de decisão, gestão e monitoramento.
• A participação efetiva e inclusiva exige transparência e responsabilização na tomada de decisões, respeito pelo consentimento livre, prévio e informado (CLPI), quando apropriado, e mecanismos de reclamação e feedback acessíveis e confiáveis que permitam às partes interessadas expressar preocupações e possibilitar a correção de rumos quando os processos ou resultados falharem.","• Se a resposta for ""não"", quais grupos não estão bem representados? 
• Se a resposta for ""não"", de que aspectos da restauração os grupos vulneráveis são excluídos? 
","• Envolver representantes das pessoas que vivem dentro e ao redor da paisagem-alvo no processo de restauração (por exemplo, definição de metas, planejamento, implementação, monitoramento e seleção de indicadores) e nos mecanismos de governança (por exemplo, grupos multissetoriais).
• Cultivar defensores da restauração nas comunidades locais, realizando esforços de capacitação ou desenvolvendo estruturas financeiras que priorizem projetos de restauração liderados pela comunidade.  
• Adotar medidas inclusivas (por exemplo, métodos de facilitação interculturais ou adaptáveis, convocatórias abertas, workshops em línguas locais) para reunir e refletir as diversas perspectivas de todas as pessoas na região.
• Utilize dados desagregados por gênero ao medir a participação, os benefícios e outros resultados da restauração.",
19,Habilitar,Condições sociais e culturais,A população local se beneficia.,A população local se beneficia com a restauração.,"• As pessoas que vivem na área-alvo e em seus arredores podem usufruir dos benefícios gerados pela restauração, como a melhoria dos meios de subsistência ou dos serviços ecossistêmicos?","As comunidades que vivem dentro ou ao redor das áreas-alvo têm suas necessidades atendidas por meio de esforços de restauração e recebem benefícios ambientais (por exemplo, melhoria da qualidade da água, aumento da oferta de produtos florestais) ou benefícios econômicos (por exemplo, fontes alternativas de renda, melhoria dos meios de subsistência) como resultado da restauração.","• A documentação de planejamento e o projeto técnico de qualquer iniciativa de restauração devem incluir estruturas e mecanismos para garantir que as pessoas que vivem nas áreas restauradas ou em suas proximidades sejam as principais beneficiárias dos resultados positivos da restauração. Aqui você encontrará exemplos dos benefícios que a restauração pode trazer. 
• Os planejadores ou executores de restaurações devem se perguntar continuamente: Entre os benefícios sociais, culturais, políticos, ambientais e econômicos identificados, os planos de restauração especificam quais pessoas ou grupos locais devem se beneficiar das atividades de restauração? Esses benefícios correspondem às necessidades locais? Os benefícios recebidos pela população local são razoáveis, equitativos e confiáveis?
• Se a população local não perceber os benefícios, terá poucos incentivos para mudar seus comportamentos a fim de possibilitar a restauração ou sustentar a paisagem restaurada a longo prazo.  ","• Se a resposta for “não”, quais barreiras ou limitações impedem as comunidades locais de aceder aos benefícios da restauração?","• Garantir que os fluxos financeiros para bens e/ou serviços gerados pela paisagem restaurada (por exemplo, pagamentos por serviços ecossistêmicos) cheguem às pessoas que vivem dentro e ao redor da paisagem restaurada.
• Desenvolver estruturas financeiras, como títulos ou esquemas de financiamento baseados em resultados, que recompensem as comunidades locais pela restauração do seu meio ambiente. 
• Criar sistemas de monitoramento participativo que permitam às comunidades locais relatar os benefícios da restauração a curto e longo prazo e informar sobre futuras mudanças ou ajustes de projeto.
• Permitir que as populações locais colham alguns dos produtos florestais da paisagem restaurada.
",
20,Habilitar,Condições institucionais,Funções e responsabilidades,Os papéis e responsabilidades na restauração estão claramente definidos.,"Os papéis e responsabilidades na restauração do ecossistema na paisagem em questão estão claramente definidos, são compreendidos pelas partes interessadas relevantes e contam com o apoio das autoridades?","Os papéis e responsabilidades para a restauração na paisagem alvo estão claramente definidos, são compreendidos entre os atores relevantes (por exemplo, governo, sociedade civil, setor privado e outras partes interessadas relevantes) e contam com o apoio da autoridade competente.","• Analise se existem agências, instituições ou grupos designados com poder para implementar a restauração de ecossistemas.
• Na ausência de clareza sobre funções e responsabilidades, a inação pode ocorrer porque funções importantes não são contempladas, há incerteza sobre quem faz o quê, ou instituições e grupos reivindicam responsabilidades e direitos sobrepostos.  
• Para responder adequadamente a esta questão, os usuários podem precisar mapear os mandatos existentes para o planejamento, a coordenação, a implementação e o monitoramento da restauração entre entidades públicas, grupos e organizações privadas, proprietários de terras, usuários da terra e outras partes interessadas importantes. Funções, responsabilidades e direitos também podem ser definidos em leis, políticas ou práticas consuetudinárias. ","• Se a resposta for “não”, o que está faltando em termos de clareza de funções e responsabilidades?","• Criar uma plataforma ou comitê de restauração de ecossistemas em nível nacional, estadual, local ou de bacia hidrográfica, que articule funções e responsabilidades entre entidades governamentais, da sociedade civil, acadêmicas e do setor privado, bem como outras partes interessadas relevantes.",
21,Habilitar,Condições institucionais,Coordenação institucional,Mantém-se uma coordenação institucional eficaz.,"Os principais intervenientes do governo, da sociedade civil e do setor privado estão efetivamente coordenados — por exemplo, através de um grupo de trabalho ou de um processo multilateral — para conceber, implementar e monitorizar a restauração do ecossistema na área candidata, garantindo simultaneamente que estes esforços incluam os grupos vulneráveis?","Os atores relevantes do governo, da sociedade civil e/ou do setor privado estão suficientemente coordenados para planejar, implementar e monitorar a restauração na área-alvo.","• Analise se as instituições públicas e privadas se comprometeram a estabelecer uma liderança e mandatos claros para a restauração. Existe alguma ação conjunta comprovada, na forma de mecanismos de coordenação, comitês, grupos de trabalho ou alianças, que se reúnam regularmente e tomem decisões sobre a restauração? Esses esforços de coordenação incluem planos compartilhados, dados, contribuições técnicas e monitoramento, especialmente entre os níveis de governança local, regional e nacional?","• Se a resposta for “não”, o que está faltando em termos de coordenação?","• No âmbito governamental, criar um Grupo de Trabalho interministerial sobre Restauração de Ecossistemas, responsável por coordenar as atividades governamentais (nacionais, estaduais e municipais) de restauração.
• Criar uma iniciativa de restauração com múltiplas partes interessadas que defina a visão e coordene as atividades de restauração em toda a paisagem (por exemplo, o PAC da Mata Atlântica no Brasil).
",
22,Implementar,Liderança,Campeões da Restauração,Existem defensores nacionais e/ou locais da restauração.,"• Existe algum defensor carismático e comprometido com a restauração na área em questão? Eles representam todos os segmentos da sociedade, incluindo mulheres, jovens e povos indígenas? ","Existem indivíduos carismáticos (ou instituições influentes) que podem inspirar eficazmente os responsáveis políticos a procurar a restauração, mobilizar apoio e manter o ímpeto ao longo do tempo no panorama dos candidatos.","• Os campeões podem ser indivíduos ou grupos comprometidos com a restauração da paisagem e capazes de agir de acordo. Em algumas paisagens ou ecossistemas, pode ser necessário cultivar as espécies campeãs e dar-lhes um perfil visível.
• Historicamente, projetos de restauração bem-sucedidos contaram com um promotor ou forte apoio governamental. Poucos não possuíam ambos.",• Quem é o campeão (ou os campeões)?,"• Cultivar, apoiar e dar voz a potenciais defensores da restauração (indivíduos, organizações).
• Promover encontros entre líderes e potenciais líderes de diversas localidades (mesmo fora do âmbito dos candidatos) para que se inspirem mutuamente e compartilhem as melhores práticas. 
",
23,Implementar,Liderança,Compromissos políticos,Existe um compromisso político contínuo.,• Existe um compromisso claro e sustentado a longo prazo por parte de instituições governamentais e não governamentais para apoiar os esforços de restauração na área em questão?,"O compromisso das autoridades governamentais (em todos os níveis relevantes, quando apropriado) e das instituições não governamentais com a restauração na área-alvo está claramente estabelecido e reconhecido como um compromisso sustentado a longo prazo.","• Pode ser difícil prever o compromisso de longo prazo de um governo ou organização.  Em situações como essa, é necessário considerar se o compromisso transcende os partidos políticos e se a restauração trará benefícios recorrentes para os principais interessados.","• Em caso afirmativo, qual é a prova do compromisso expresso e de quem ele partiu?","• Criar e mobilizar um amplo eleitorado (representando múltiplos setores, incluindo a agricultura) que mantenha a restauração na agenda política nacional.",
24,Implementar,Conhecimento,"O ""saber-fazer"" da restauração existe","Existe ""conhecimento técnico"" relevante em restauração para as paisagens dos candidatos.","• Existe conhecimento local diversificado (incluindo conhecimento indígena, conhecimento ecológico tradicional e conhecimento sensível às questões de gênero) sobre como implementar a restauração em larga escala na paisagem em questão?","Especialistas locais conhecem as técnicas de restauração (por exemplo, regeneração natural e assistida, conhecimento tradicional) adaptadas à paisagem em questão, ou realizam pesquisas sobre o assunto.","• O conhecimento local pode vir do saber tradicional das comunidades que vivem dentro ou ao redor da paisagem, de especialistas em universidades e serviços de extensão rural, e de organizações não governamentais atuantes nessa área.
• O conhecimento pode ser gerado localmente ou importado de outros lugares, mas deve ser comunicado ou transmitido por profissionais locais. Orientações sobre as “melhores práticas” em restauração podem ser obtidas em universidades, organizações não governamentais ou agências de extensão rural, bem como com indivíduos ou grupos locais com experiência em restauração a longo prazo.","• Caso a resposta seja “não”, quais são as lacunas de conhecimento mais significativas?","• Criar programas de restauração de ecossistemas em universidades e escolas agrícolas.
• Priorizar a restauração de ecossistemas em programas de financiamento de pesquisa públicos e privados.
• Criar pontes entre pesquisadores e profissionais de restauração para que os primeiros possam gerar pesquisas práticas que possam ser aplicadas na paisagem.
",
25,Implementar,Conhecimento,Transferência de conhecimento,O conhecimento técnico da restauração é transferido por meio de parceiros ou serviços de extensão.,"• Existem serviços de extensão rural, visitas de agricultor para agricultor, grupos de mulheres, redes locais e/ou outros meios de sensibilização e capacitação para a restauração, e estes dispõem de recursos adequados na área-alvo ou a nível nacional?","Assistência técnica e extensão rural (“serviços de extensão”), visitas de agricultor a agricultor, grupos de mulheres, redes locais e/ou outros meios de sensibilização e capacitação para a restauração estão disponíveis, e recursos adequados estão disponíveis na paisagem candidata.","• A partilha de conhecimento pode ser documentada em serviços formais de extensão, tais como visitas de campo, programas de formação, escolas de campo, materiais impressos e locais de demonstração.
• Analise se os grupos informais de aprendizagem sobre restauração estão compartilhando informações ou coordenando atividades, incluindo grupos de mulheres, associações de produtores ou troca de conhecimento entre povos indígenas. Essa comunicação ""de agricultor para agricultor"" ou ""de gestor de terras para gestor de terras"" pode ser um dos meios mais eficazes de educação e treinamento. 
• Redes ou associações locais para o desenvolvimento de capacidades em restauração de ecossistemas, agroflorestamento ou reflorestamento podem ser mencionadas em documentos nacionais ou relatórios de organizações não governamentais.","• Considerando o panorama atual de candidatos, quais entidades estão melhor posicionadas para fornecer serviços de extensão?","• Facilitar encontros entre agricultores e a interação sobre assuntos de restauração.
• Estabelecer indicadores-chave de desempenho relacionados à restauração de ecossistemas para agentes de extensão rural.
• Aumentar o financiamento para treinamento em restauração de ecossistemas dentro dos serviços de extensão rural.
• Incluir assistência técnica para restauração como parte dos pacotes de financiamento agrícola para agricultores.
• Utilizar tecnologias modernas de informação e comunicação para melhor conectar agentes de extensão rural e administradores de terras, e para fornecer a ambos as pesquisas e informações mais atualizadas.",
26,Implementar,Projeto técnico,Design resiliente ,O projeto de restauração possui uma base técnica e é resistente às intempéries.,"• O plano de restauração da paisagem em questão baseia-se nas melhores práticas, incorporando a melhor ciência disponível, o conhecimento ecológico tradicional e abordagens resilientes às mudanças climáticas?","O plano de restauração da paisagem candidata baseia-se nas melhores práticas para o projeto, implementação e manutenção de atividades de restauração. O plano de restauração da paisagem incorpora as melhores práticas científicas disponíveis e abordagens resilientes ao clima, garantindo que a intervenção, incluindo aspectos como a seleção de espécies e as técnicas de restauração, seja adequada ao contexto local e aos objetivos da intervenção, e reduza a vulnerabilidade da intervenção de restauração aos impactos climáticos, como secas, inundações, incêndios florestais e temperaturas extremas. ","• Avalie se as abordagens para a restauração de ecossistemas são apoiadas por pesquisas científicas, conhecimento local ou práticas indígenas para restaurar ecossistemas naturais e reduzir a vulnerabilidade aos impactos climáticos.  • O projeto técnico deve abordar aspectos como preparação do terreno, declive, seleção de espécies, espaçamento e manutenção das árvores, ou como eliminar as pressões que impedem o crescimento da vegetação natural (por exemplo, gado, incêndios).  
• Os planos de restauração devem levar em consideração os impactos climáticos projetados para serem resilientes às mudanças climáticas.","• Se a resposta for “não”, o que está faltando no plano?","• Desenvolver um plano de restauração do ecossistema baseado nas melhores evidências científicas e levando em consideração as mudanças climáticas.
• Analisar planos de restauração de experiências bem-sucedidas em outros locais para obter informações sobre as melhores práticas.
",
27,Implementar,Projeto técnico,"Limitar os ""vazamentos""","A restauração limita os ""vazamentos""","• O processo de restauração possui disposições estabelecidas (por exemplo, políticas, práticas, incentivos, melhorias de desempenho) que limitam os vazamentos ou está sendo desenvolvido de forma a reduzi-los? As atividades de restauração impedem que os usuários da terra sejam deslocados para outras áreas onde não têm outra opção senão transformar/limpar os ecossistemas naturais para uso agrícola?","A restauração dos ecossistemas na paisagem candidata impede a transferência das atividades de desmatamento para outros locais (""vazamento""), resultando em um aumento líquido da área restaurada.","• Existe o risco de que a restauração do ecossistema na paisagem alvo possa resultar no deslocamento das atividades que estavam causando a degradação do solo para alguma outra paisagem.
• Embora esse “vazamento” possa resultar em um aumento da área restaurada na paisagem alvo, também resultaria em um aumento de terras degradadas ou desmatadas em outros locais.  
• Algumas maneiras de limitar vazamentos decorrentes de atividades de restauração podem incluir: Combinar a restauração com usos produtivos (por exemplo, agroflorestamento), fornecer alternativas de subsistência locais que não exijam a conversão de terras em terras agrícolas, aumentar a eficiência agrícola para que a produção não se desloque para novas áreas, planejar a restauração em nível de paisagem para gerenciar as mudanças nas atividades e abordar os fatores subjacentes à degradação. 
• Para obter mais informações sobre o reflorestamento em um país que desloca o desmatamento para outro, consulte: Meyfroidt e Lambin (2011).","• Caso a resposta seja “não”, quais medidas estão faltando no processo de restauração para evitar o deslocamento da degradação do solo para outras áreas?","• Implementar medidas que aumentem a produtividade por hectare de culturas, pecuária ou madeira em terras agrícolas e florestais existentes.
• Implementar medidas que reduzam a demanda por plantações, gado ou madeira.

",
28,Implementar,Financiamento e incentivos,Superar incentivos negativos,Incentivos positivos e fundos de restauração superam os incentivos negativos.,"• Do ponto de vista das partes interessadas relevantes, os incentivos financeiros e os mecanismos de financiamento disponíveis incentivam suficientemente a restauração na paisagem em questão, em comparação com incentivos que podem desencorajar ou impedir a recuperação do ecossistema?","Do ponto de vista das partes interessadas relevantes, os incentivos financeiros e os mecanismos de financiamento para apoiar a restauração na área candidata estão disponíveis, são acessíveis e suficientemente atrativos para incentivar o investimento em atividades de restauração. Esses incentivos visam compensar os custos de oportunidade e os riscos financeiros associados à restauração, bem como neutralizar incentivos concorrentes que favorecem usos da terra ou práticas que dificultam ou atrasam a recuperação do ecossistema. O quadro geral de incentivos apoia um compromisso sustentado com a restauração a longo prazo.","• A restauração pode ocorrer quando os incentivos gerais superam tanto os custos da restauração quanto os benefícios contínuos obtidos na paisagem degradada.
• Incentivos “positivos” (por exemplo, subsídios, empréstimos, isenções fiscais, pagamentos por serviços ecossistêmicos, bens e serviços privados) incentivam a restauração, enquanto incentivos “negativos” (por exemplo, subsídios para pecuária, agricultura ou indústrias extrativas) a desencorajam.
• Se os incentivos positivos forem ofuscados pelos negativos, uma restauração em larga escala torna-se improvável; e tanto a quantidade quanto o momento dos incentivos são importantes.
• Os incentivos e o financiamento fazem parte da implementação porque afetam diretamente as decisões dos administradores de terras em relação à restauração.","• Quais são os principais incentivos positivos e negativos que influenciam as decisões de restauração e uso da terra na paisagem em questão?
• Do ponto de vista das partes interessadas relevantes, qual é a magnitude ou escala desses incentivos (por exemplo, valor financeiro por hectare ou medidas comparáveis)?","• Introduzir mecanismos de financiamento dedicados à restauração de ecossistemas, tais como:
- Subsídios
- Empréstimos com juros baixos
- Isenções fiscais (sobre insumos, produtos ou financiamento de restauração)
- Gastos públicos diretos
- Políticas de compras públicas
- Pagamentos por serviços ecossistêmicos (por exemplo, água, carbono)
- Eliminar ou reduzir incentivos que desencorajem a regeneração florestal ou de árvores
",
29,Implementar,Financiamento e incentivos,Financiamento disponível,Há financiamento disponível para projetos de restauração.,"Os incentivos financeiros e os mecanismos de financiamento concebidos para promover a restauração na área-alvo são acessíveis, inclusivos e utilizáveis por uma ampla gama de partes interessadas, incluindo as comunidades locais?","Os mecanismos e incentivos financeiros foram cuidadosamente concebidos, selecionados e aplicados para apoiar eficazmente as políticas, ações e medidas de restauração, tanto à escala da paisagem como à escala da comunidade. Esses mecanismos são acessíveis a uma ampla gama de partes interessadas, promovem a participação equitativa e alavancam o financiamento do setor privado, quando apropriado, para melhorar e sustentar os resultados da restauração.","• Os incentivos e fundos incluem subsídios, empréstimos, isenções fiscais sobre insumos, produtos ou financiamento da restauração, gastos governamentais diretos, como subsídios ou políticas de aquisição, pagamentos por serviços ecossistêmicos ou mercados privados de bens e serviços que incentivem os esforços de restauração de ecossistemas.
• Analise se indivíduos, comunidades ou grupos em paisagens em processo de restauração solicitaram e receberam apoio financeiro para atividades de restauração. Inclua comentários de indivíduos ou grupos que tentaram acessar esses incentivos ou fundos, mas não obtiveram sucesso.","• Se a resposta for “não”, quais são as barreiras de acesso?","• Comunicar e divulgar ativamente a disponibilidade de incentivos financeiros e oportunidades de financiamento por meio de uma disseminação acessível e direcionada.
• Prestar assistência técnica e administrativa às partes interessadas e aos usuários de terras para apoiar os processos de inscrição, conformidade e elaboração de relatórios.
• Simplificar os procedimentos de candidatura e reduzir os requisitos administrativos e de documentação para diminuir as barreiras de acesso a incentivos e fundos.",
30,Implementar,Opinião,Monitoramento e avaliação,Existe um sistema eficaz de monitoramento e avaliação em funcionamento.,"Existe um sistema de monitoramento em vigor para acompanhar e avaliar o progresso da restauração no nível da paisagem ou nacional relevante, e ele está alinhado com os sistemas de monitoramento nacionais e globais?  ",Existe um sistema implementado para monitorar o progresso e avaliar o impacto da restauração na paisagem candidata.,"• As informações para monitoramento e avaliação devem ser coletadas de forma planejada e contínua, a fim de fornecer conhecimento e feedback sobre a implementação das atividades de restauração. Os aspectos a serem monitorados podem incluir os hectares restaurados, as taxas de sobrevivência das espécies plantadas, os benefícios econômicos e sociais quantificados e os fluxos de serviços ecossistêmicos.
• Os sistemas de monitoramento e avaliação podem empregar abordagens como sensoriamento remoto, monitoramento em campo com participação coletiva (por exemplo, utilizando tecnologias comunitárias, voluntários e comunicações) e pesquisas com os habitantes da paisagem alvo.","• Se a resposta for “sim”, os dados de referência já estão sendo coletados?
• Se a resposta for “não”, quais aspectos de um sistema de monitoramento de desempenho estão faltando?
","• Sempre que possível, estabeleça uma linha de base (por exemplo, fotografias, imagens de satélite, dados sobre hectares e outras medições da paisagem tal como ela se apresenta) para permitir comparações ao longo do tempo.
• Desenvolver e implementar um sistema de monitoramento de desempenho (incluindo monitoramento por sensoriamento remoto e monitoramento participativo em campo).
",
31,Implementar,Opinião,Comunicar os sucessos ,"Relatos indicam sucessos iniciais e contínuos.

",• Os sucessos da restauração na paisagem alvo são comunicados e o público-alvo é identificado?,"Os principais sucessos na restauração da paisagem candidata são comunicados de forma ágil às partes interessadas, garantindo que elas sejam informadas sobre o progresso e promovendo um senso de parceria e comprometimento.","• A comunicação pode assumir a forma de documentação e cobertura de historias em campanhas de mídia e redes sociais, mas também pode incluir a observação direta por meio de visitas de agricultores, administradores de terras e tomadores de decisão a locais de restauração.
• Alcançar e comunicar publicamente o sucesso, incluindo os ""sucessos iniciais"", pode ajudar a manter o ímpeto, atrair mais participação, gerar replicações em outras partes do cenário, reforçar o apoio político e sustentar o financiamento externo.","• Se a resposta for “sim”, como os sucessos são comunicados (por exemplo, por quais meios)?
• Se a resposta for “não”, quais meios estão disponíveis e poderiam ser utilizados?
","• Comunicar publicamente o progresso da restauração, histórias de sucesso e lições aprendidas.  Certifique-se de que as histórias sejam relevantes para o público-alvo (por exemplo, imagens de progresso, histórias de benefícios para as pessoas).",
