id,Theme,Enabling condition,Minimal,Key Factor,Question,Definition,Guidance,Follow up question(s),Examples of strategies to address gap in key factor
1,Motivar,Beneficios,Económico,1. La restauración genera beneficios económicos,• ¿Se espera que la restauración del área objetivo genere beneficios económicos que resulten en un impacto neto positivo financiero o económico a nivel de toda la economía en relación con el uso actual de la tierra? ,"Se espera que la restauración del área objetivo produzca beneficios económicos (por ejemplo, diversificación económica, daños evitados, nuevos productos comercializables) que creen un impacto financiero neto positivo (beneficios privados) y/o un impacto neto positivo en toda la economía (beneficios públicos) en relación con el uso de la tierra actual. Nota al margen: “impactos económicos que se refieren a los beneficios ambientales que funcionan como bienes públicos, o a los impactos económicos en toda la economía que capturan los efectos indirectos relacionados con la restauración en las cadenas de valor y la economía en general, incluido el crecimiento del PIB y el empleo. Estos impactos suelen surgir de beneficios económicos como la diversificación, los daños evitados y los nuevos productos de mercado posibilitados por la restauración. ","•  Los beneficios económicos de la restauración son los resultados positivos globales para los ingresos o las finanzas que se derivan de la aplicación de actividades de restauración frente a un escenario sin cambios. 
• Algunos ejemplos de beneficios económicos incluyen un mayor ingreso, mejores oportunidades empresariales, una mayor producción de productos básicos clave o nuevas oportunidades de empleo que resultan de los esfuerzos de restauración. Una lista más completa de posibles beneficios se incluye en esta herramienta en la tabla “Beneficios de la Restauración”.
• El marco temporal de esta respuesta debe considerar el cronograma de las actividades de restauración previstas, reconociendo que los procesos de restauración y sus beneficios ocurren en el largo plazo. 
• Siempre que sea posible, distinga entre los beneficios a corto, mediano y largo plazo, incluidos los resultados esperados una vez que la restauración se haya implementado por completo.
• Tome nota de qué personas o grupos probablemente recibirían estos beneficios.
• Algunos propietarios de tierras pueden estar preocupados de que la “restauración” signifique que perderán sus tierras, sus derechos de uso o sus ingresos en relación con el statu quo. Por lo tanto, la respuesta a esta pregunta puede respaldarse con documentos que muestren cómo los beneficios netos superan los costos. Nota al margen: los derechos territoriales formalizados podrían surgir como un cobeneficio positivo del proyecto de restauración. En algunos casos, la implementación del proyecto y el desembolso de fondos para apoyar las actividades de restauración pueden requerir que se definan claramente derechos sobre la tierra. En consecuencia, esto podría acelerar los procesos de demarcación y permitir que las comunidades locales obtengan títulos legales sobre sus tierras.","• Si la respuesta es “sí”, ¿cuáles son los beneficios económicos esperados?
• Si la respuesta es “sí”, ¿quién se beneficia?
• Si la respuesta es “no”, ¿cuál es la magnitud de la brecha financiera o económica prevista?
","• Realizar un análisis costo-beneficio comparando (a) los probables beneficios generados por el área restaurada, (b) los probables costos de restaurar el paisaje objetivo, y (c) los probables costos y beneficios del uso actual del ecosistema.
• Explore metodologías de contabilidad de ecosistemas para evaluar los beneficios económicos de los servicios ecosistémicos (por ejemplo, UNSEEA) y la capacidad de las oficinas nacionales de estadística para llevar a cabo dichas evaluaciones.  "
2,Motivar,Beneficios,Sociales,2. La restauración genera beneficios sociales,"• ¿Se espera que la restauración del área objetivo  genere beneficios sociales, culturales o políticos para las personas que viven en esa área, incluidos los grupos de mujeres, los jóvenes y los pueblos indígenas?

","Se espera que la restauración del área objetivo mejore los medios de vida, eleve la posición social o política de las poblaciones salvaguarde o restaure sitios de patrimonio cultural natural o el uso de prácticas culturalmente significativas, o produzca otros beneficios sociales, culturales y/o políticos para la población local.

","• Revise la lista de posibles beneficios sociales en la La tabla ""Beneficios de la restauración"" se encuentra en los materiales de apoyo para esta herramienta. Por ejemplo, las actividades de restauración pueden reportar beneficios de índole social, cultural o política, como una mayor visibilidad de los valores culturales, el reconocimiento de los conocimientos ecológicos tradicionales, la consecución de logros políticos, el aumento de las oportunidades recreativas o la mejora de la equidad de género. La restauración también puede ser una forma de que los gobiernos sean vistos como líderes en la escena mundial y cumplan los compromisos de los acuerdos internacionales (por ejemplo, CMNUCC, CNULD, CNUDB, REDD+, ODS). Además, la restauración puede ser beneficiosa para países o comunidades con una conexión cultural histórica con los bosques u otros ecosistemas (por ejemplo, tradiciones y folclore basados en los bosques, medios de vida y empleo basados en los ecosistemas).
• Considere si los beneficios enumerados en la tabla se reconocen o se consideran en los planes, programas o actividades de restauración en el paisaje objetivo. 
• Siempre que sea posible, distinga entre los beneficios sociales a corto, mediano y largo plazo, incluidos los resultados esperados una vez que la restauración se haya implementado por completo.
• Tome nota de qué personas o grupos probablemente recibirían estos beneficios. 
","• Si la respuesta es “sí”, ¿cuáles son los beneficios sociales esperados?","• Involucrar a las comunidades que viven en el área objetivo y sus alrededores para identificar sus objetivos y prioridades sociales, políticas o culturales. Esto podría hacerse mediante encuestas o talleres presenciales. Con base en este ejercicio, co-creen un mapa de intervenciones de restauración que podrían ayudar a lograr estos objetivos. 
• Validar los planes de restauración existentes, los instrumentos de financiamiento, los sistemas de monitoreo y los indicadores con las comunidades locales, incluidos representantes de poblaciones vulnerables, para garantizar que los planes satisfagan las necesidades de la comunidad. "
3,Motivar,Beneficios,Ambiental,3. La restauración genera beneficios ambientales,• ¿Se espera que la restauración del área objetivo genere beneficios ambientales?,"Se espera que la restauración del área objetivo genere beneficios ambientales sustanciales y a largo plazo, incluida la conservación y recuperación de la biodiversidad, una mayor mitigación y adaptación al cambio climático, una menor degradación de la tierra y la desertificación, y la restauración de servicios ecosistémicos vitales como la regulación del agua, la fertilidad del suelo y el secuestro de carbono. Estas mejoras contribuirán a aumentar la resiliencia ecológica y los medios de vida sostenibles a lo largo del tiempo.","Algunos ejemplos de beneficios ambientales incluyen una mayor biodiversidad, una mayor seguridad de las cuencas hidrográficas, una mayor mitigación y adaptación al cambio climático y una mayor fertilidad del suelo, entre otros. En los materiales de apoyo para este diagnóstico se proporciona una descripción más completa de los beneficios ambientales previstos. Tabla “Beneficios de la Restauración”.
• Siempre que sea posible, distinga entre los beneficios ambientales a corto, mediano y largo plazo, incluidos los resultados esperados una vez que la restauración se haya implementado por completo.","• Si la respuesta es “sí”, ¿cuáles son los beneficios ambientales esperados?","• Involucrar a científicos (por ejemplo, biólogos, ecólogos, hidrólogos, científicos del suelo) para identificar qué beneficios ambientales podrían generarse a partir de los esfuerzos de restauración.         "
4,Motivar,Concienciación,Comunicación pública,4. Los beneficios de la restauración se comunican públicamente,"• ¿Se comunican los beneficios de restaurar el área objetivo a todas las partes interesadas, incluidos todos grupos poblacionales, y se diseñan canales de comunicación para llegar a estas diversas partes interesadas?","Los beneficios de la restauración del área objetivo se han comunicado claramente a los gestores del territorio, los grupos vulnerables y otras partes interesadas.
","• La comunicación puede realizarse a través de diversos canales, incluidos artículos, prensa, redes sociales, radio y televisión, visitas de demostración, obras de teatro callejeras u otras vías dirigidas a las partes interesadas y los responsables de la toma de decisiones pertinentes.
• La comunicación entre pares sobre los beneficios de la restauración puede ser un medio eficaz para generar conciencia y motivar la acción.
• Considere si esta comunicación está organizada como parte de una estrategia más amplia de participación de las partes interesadas.
• Una lista más completa de beneficios se incluye en los materiales de apoyo al diagnóstico en la tabla “Beneficios de la Restauración”.
","• ¿Qué beneficios podrían surgir?
• ¿Cómo se ha dirigido o incluido específicamente la comunicación a las partes interesadas clave?
","• Elaborar materiales y campañas de concienciación a través de periódicos, radio, televisión, internet o visitas a sitios, según el público objetivo.
• Introducir o aprovechar las actividades nacionales de restauración existentes, como programas públicos o escolares de plantación de árboles.
"
5,Motivar,Concienciación,Oportunidades de Restauración ,5. Se identifican oportunidades de restauración,• ¿Se han identificado y cuantificado áreas objetivo o prioritarias para la restauración?,Se han identificado y cuantificado áreas candidatas para la restauración.    ,"• Las áreas objetivo para la restauración son los lugares donde deben realizarse esfuerzos de restauración basándose en una combinación de consideraciones ambientales, sociales y económicas, incluyendo su contribución al clima global, la biodiversidad y otros objetivos ambientales.
• La información sobre estas oportunidades puede presentarse en mapas nacionales o subnacionales y/o estrategias de restauración, y debe ser coherente con las áreas que las agencias gubernamentales utilizan al asignar fondos, programas y recursos de planificación para la restauración. 
• Considerar si las partes interesadas reconocen y hacen referencia a los mismos niveles de prioridad.","• Si la respuesta es “sí”, ¿cuáles son las áreas candidatas?
• Si la respuesta es “sí”, ¿qué tan grande es la oportunidad de restauración?
",• Realizar una actividad de planificación de “Metodología de evaluación de oportunidades de restauración”. Se trata de un completo recurso de planificación de la restauración disponible en línea https://iucn.org/resources/grey-literature/guide-restoration-opportunities-assessment-methodology-roam
6,Motivar,Eventos de crisis,Eventos de crisis,6. Los eventos de crisis se aprovechan,"• ¿Está experimentando la área objetivo un acontecimiento de crisis, o el riesgo de que se produzca en el futuro, que motivaría la restauración en el paisaje objetivo, y cómo podrían afectar esos acontecimientos a los diferentes grupos de población (rural y campesina, urbana, indígena, mujeres, jóvenes, etc.) y anticiparse a ellos? ","El gobierno y/o la sociedad civil utilizan el riesgo o la ocasión de eventos de crisis, incluso considerando escenarios futuros (incluido el climático), para generar apoyo político y público para la restauración de los ecosistemas.","• Los eventos de crisis pueden incluir inundaciones, deslizamientos de tierra, sequías, incendios, tormentas de arena, escasez de madera, disminución del rendimiento de los cultivos, desempleo u otras perturbaciones que afectan a los ecosistemas y los medios de subsistencia. 
• Las crisis pueden crear oportunidades para catalizar la restauración (por ejemplo, generar impulso político después de un desastre), pero también pueden interrumpir, retrasar o detener los esfuerzos de restauración (por ejemplo, daños a la infraestructura, desvío de fondos, inestabilidad social). 
• Considere ambas dimensiones: (i) la capacidad de aprovechar las crisis para impulsar la restauración, y (ii) la resiliencia de los esfuerzos de restauración para resistir y recuperarse de las crisis. 
• Evaluar cómo los distintos grupos pueden verse afectados por los eventos de crisis y las respuestas de recuperación, incluidos los posibles impactos desproporcionados en las poblaciones vulnerables. 
• Considere si las prioridades de restauración están alineadas con los riesgos climáticos actuales y futuros, y si las inversiones se evalúan en función de su viabilidad climática a largo plazo (más allá de las decisiones de diseño técnico).
• En el contexto del cambio climático, considérense tanto los acontecimientos pasados como los escenarios futuros, incluyendo el aumento de la frecuencia e intensidad de los choques climáticos. Herramientas como SPARCLE pueden utilizarse para visualizar rápidamente los impactos del cambio climático. 
• Cuando sea pertinente, identifique medidas para mitigar los riesgos para la implementación de la restauración (por ejemplo, planificación adaptativa, financiación diversificada, preparación de la comunidad). 
Aunque las crisis no son deseables, cuando ocurren pueden brindar oportunidades para movilizar el apoyo político y comunitario para la recuperación.","• ¿Qué tipos de crisis han ocurrido en el panorama objetivo en el pasado? 
• ¿Qué tipos de crisis podrían ocurrir en el futuro?  
","• Realizar y comunicar investigaciones que cuantifiquen y visualicen hasta qué punto los ecosistemas restaurados pueden prevenir o mitigar desastres humanitarios naturales y ahorrar dinero en esfuerzos de mitigación cuando se implementan una planificación y una prevención adecuadas.

• Cuando ocurran desastres, comunicar públicamente de inmediato los beneficios de la restauración.
"
7,Motivar,Requisitos legales,Existen leyes y políticas,7. Existen leyes y políticas que exigen la restauración,"• ¿Existen leyes o políticas que obliguen a los propietarios o administradores de tierras a replantar o restaurar ecosistemas en áreas que han sido taladas (por ejemplo, bosques, pastizales, humedales)?",El gobierno tiene leyes y políticas que requieren que los administradores de tierras permitan la recuperación de la vegetación natural o replantar árboles en ecosistemas naturales que hayan sido talados en el área objetivo. ,"• Considerar si la legislación exige específicamente la restauración, como requisitos de reforestación, obligaciones de rehabilitar tierras o regulaciones de restauración de actividades extractivas. ¿Estas leyes y políticas especifican quién está obligado a restaurar, en qué situaciones y durante qué plazos? ¿Este marco legal se aplica a todos los límites del área objetivo? (Es decir, ¿los requisitos son de alcance nacional?)
• Los requisitos de restauración suelen dirigirse más a las entidades involucradas en la tala comercial, la minería u otras actividades extractivas que a las actividades de subsistencia.","• En caso afirmativo, ¿qué términos y condiciones específicos establece la ley (por ejemplo, qué restaurar, cuándo y cómo)?","• Establecer una ley gubernamental (o una política industrial) que requiera que los administradores de tierras permitan la recuperación de la vegetación o la replanten en áreas que hayan sido taladas debido a su propia actividad comercial (por ejemplo, tala, minería, etc.)."
8,Motivar,Requisitos legales,Leyes y políticas son comprendidas,8. Las leyes y políticas que exigen la restauración se comprenden y aplican ampliamente,"• ¿La ley o política que exige la restauración o rehabilitación del ecosistema se aplica de manera visible, creíble y justa, y es ampliamente comprendida por todos los actores relevantes, incluyendo a todos los grupos?","Las leyes y políticas que exigen la restauración o rehabilitación de los ecosistemas (incluidas las actividades para recuperar las funciones de los ecosistemas, reducir la degradación o apoyar la regeneración natural) en el paisaje objetivo son comprendidas por los actores pertinentes y se aplican de manera visible, creíble y justa.","• No basta con que exista una ley o política que exija la restauración o rehabilitación; es necesario que se aplique de manera justa, que las entidades afectadas la comprendan y que las autoridades la implementen para que sirva de motivación para la acción.
• Considere si los requisitos legales para la restauración o rehabilitación del paisaje se comunican a las partes interesadas clave y se complementan con acciones como campañas de comunicación, medidas coercitivas (por ejemplo, multas) por infracciones y la garantía de recursos humanos y financieros adecuados para su cumplimiento.
• Los mandatos gubernamentales de restauración o rehabilitación pueden generar susceptibilidad en torno a la participación del gobierno en decisiones sobre el uso de la tierra que, de otro modo, estarían bajo la jurisdicción de las comunidades tradicionales o los propietarios privados. Por lo tanto, la forma en que se comunican los requisitos legales y se complementan con otras políticas, incentivos y prácticas puede ser fundamental para su eficacia.",• No basta con que exista una ley que exija la restauración; es necesario que las entidades afectadas la comprendan y las autoridades la apliquen para motivar la restauración.,"• Realizar una campaña de comunicación para concientizar a los actores relevantes sobre los requerimientos de restauración.
• Adoptar medidas coercitivas (por ejemplo, multas, denegación de acceso al crédito, cárcel) contra las violaciones de los requisitos de restauración.
• Garantizar que los recursos humanos y financieros para la aplicación de la ley sean adecuados.
"
9,Habilitar,Condiciones ecológicas,"Suelo, agua, clima y fuego","9. Las condiciones del suelo, el agua, el clima y fuego son adecuadas para la restauración.","• ¿Son las condiciones de suelo, precipitaciones, temperatura, fuego y gestión del paisaje objetivo adecuadas para habilitar el crecimiento y la supervivencia de la vegetación plantada o en regeneración natural?  ","Las condiciones de suelo, pluviosidad y temperatura del área objetivo son adecuadas para el rebrote de la vegetación natural, y el régimen de incendios no dificulta la recuperación de los ecosistemas naturales. ","• Este factor clave combina múltiples condiciones ecológicas que afectan la restauración del ecosistema.  Cada condición (suelo, precipitaciones, temperatura, incendios) debe evaluarse por separado, pero la respuesta puede reflejar la suma de las cuatro.","• Si la respuesta es “no”, ¿cuáles son las deficiencias en la idoneidad física? ¿Son viables los esfuerzos para superar estas limitaciones?","• Gestionar o ajustar de forma adaptativa el plan de restauración (por ejemplo, la combinación de especies) para que coincida con el régimen hídrico y climático del paisaje.
• Implementar un programa para prevenir incendios no deseados o introducir quemas prescritas.
• Implementar un programa para mejorar la calidad del suelo (por ejemplo, plantando especies fijadoras de nitrógeno). 
• Crear diques o medialunas para almacenar agua después de las lluvias."
10,Habilitar,Condiciones ecológicas,Especies invasoras,10. Se reducen al mínimo las plantas y animales que pueden obstaculizar la restauración,• ¿Es posible eliminar o controlar eficazmente las plantas y los animales invasores no deseados que obstaculizan la recuperación del ecosistema en los  sitios de restauración objetivo?,Las especies invasoras persistentes en el área objetivo se pueden gestionar o controlar para evitar que interfieran con la vegetación replantada o en regeneración natural. Los sitios de restauración pueden protegerse del pastoreo del ganado que impide la recuperación del ecosistema.,"• Considerar si existen medidas de monitoreo o control (cercas, manejo de malezas, eliminación) para gestionar especies problemáticas o invasoras que puedan competir con o excluir a las especies utilizadas para la restauración.
• Los paisajes pueden estar libres de plantas y/o animales no deseados ya sea porque nunca existieron de forma natural en el ecosistema o porque se han minimizado con éxito mediante la gestión.
• Algunos ejemplos de especies que pueden obstaculizar los esfuerzos de restauración son Brachiaria spp. en Brasil, Imperata cylindrica en Indonesia, Pueraria montana (kudzu) en el sur de los Estados Unidos y animales de pastoreo no controlados (ganado vacuno, ovejas, cabras) en múltiples lugares.","• Si la respuesta es “no”, ¿cuáles son las especies vegetales y/o animales persistentes y cómo afectan la restauración del ecosistema?","• Implementar un programa para eliminar plantas invasoras (por ejemplo, utilizando árboles nativos de rápido crecimiento para dar sombra a las invasoras, utilizando cabras, uso apropiado del fuego).
• Implementar un programa para excluir al ganado errante no deseado (por ejemplo, incentivos y capacitación sobre cercas).
"
11,Habilitar,Condiciones ecológicas,Poblaciones fuente ,"11. Semillas nativas, plántulas o poblaciones de origen están fácilmente disponibles","• ¿El área objetivo tiene poblaciones fuente, bancos de propágulos del suelo (como sistemas de raíces subterráneas y bancos de semillas) o fuentes de bajo costo de semillas y plántulas nativas que puedan ser la base para la recuperación del ecosistema? ","El paisaje objetivo tiene fuentes naturales que apoyan la regeneración, como áreas naturales cercanas, rebrote de raíces subterráneas, semillas dispersadas por animales y fácil acceso a semillas y plántulas nativas de bajo costo que apoyan la recuperación del ecosistema.","• Las poblaciones fuente viables o los bancos de propágulos del suelo de plantas nativas son de vital importancia para la restauración pasiva.  
• Este factor clave de éxito se aplica a toda la cadena de suministro de semillas y plántulas nativas, incluida la producción de semillas, la recolección y el procesamiento de semillas y los viveros de plántulas.","• Si la respuesta es “no”, ¿dónde está la brecha (por ejemplo, semillas, recolectores de semillas, viveros, poblaciones fuente, bancos de propágulos del suelo)?","• Establecer leyes que protejan las áreas restantes de vegetación nativa en el área candidato.
• Crear incentivos financieros y programas de desarrollo de capacidades destinados a fortalecer y aumentar el número y la calidad de los viveros de plántulas y las redes de recolectores de semillas.
"
12,Habilitar,Condiciones económicas,Demandas en competencia,12. Gestión de otras actividades que se contraponen a la restauración.,"
• ¿Están disminuyendo las presiones económicas derivadas de la producción agrícola, ganadera, de leña y/o de biocombustibles sobre las tierras degradadas y los ecosistemas naturales en la zona objetivo, y/o existen mecanismos para gestionar las demandas económicas contrapuestas sobre la tierra que impulsan la degradación de la misma?"," 
Las presiones económicas derivadas de la producción agrícola, ganadera, de leña y/o de biocombustibles sobre las tierras degradadas y los ecosistemas naturales en la zona objetivo están disminuyendo y/o se están gestionando activamente mediante políticas, incentivos, planificación del uso de la tierra o mejoras de la productividad, reduciendo así las presiones que impulsan la degradación de la tierra y ""liberando"" oportunidades para la restauración.","• Las presiones sobre el uso del suelo que se contraponen a la restauración pueden provenir de la expansión agrícola, el desarrollo de infraestructuras, el pastoreo de ganado, la extracción de leña y la urbanización.
• Considere si existen mecanismos para gestionar estas demandas que se contraponen a la restauración, como la planificación del uso del suelo, la zonificación, la intensificación agrícola en tierras existentes, las intervenciones en la cadena de suministro, los incentivos para la producción sostenible o las restricciones a la expansión en ecosistemas naturales.
• Este factor clave de éxito es posiblemente uno de los más importantes a la luz de la creciente demanda mundial de tierras para producir cultivos, ganado y biocombustibles (Searchinger et al. 2013)
• Este factor clave no se aplicaría cuando la tierra se restaura a sistemas agroforestales o silvopastoriles, que continúan produciendo cosechas y ganado, respectivamente.",• ¿Cuáles son los principales usos alternativos de la tierra en competencia para las áreas candidatas a ser restauradas?,"• Aplicar medidas técnicas y financieras para aumentar la productividad (rendimientos por hectárea) de los cultivos y el ganado en las tierras agrícolas no marginales existentes.
• Implementar medidas técnicas y financieras para aumentar el suministro de madera y productos agrícolas y de energía renovable no derivada de biomasa procedente de paisajes restaurados.
• Evitar establecer objetivos de bioenergía que puedan dar lugar a que tierras degradadas o antiguas tierras forestales se conviertan en plantaciones de biomasa.
• ¿Las medidas financieras incluyen incentivos políticos? Una estrategia clave para abordar esta presión económica es redirigir los incentivos hacia actividades de uso de la tierra nocivas y hacia prácticas agrícolas regenerativas. 
• Utilise evaluaciones de los flujos de financiación pública hacia sectores clave, como la agricultura o la silvicultura, para identificar dónde pueden estar produciéndose impactos no deseados y perjudiciales para el medio ambiente. Los flujos de financiación pueden incluir subvenciones o incentivos, entre otros."
13,Habilitar,Condiciones económicas,Cadenas de valor,"13. Existen cadenas de valor y/o mercados para productos básicos (madera, productos agrícolas) y productos ambientales (carbono, agua, biodiversidad) de áreas restauradas.","• ¿Existen cadenas de valor, derechos sobre la tierra y políticas que permitan que los productos o servicios procedentes de tierras restauradas lleguen a los consumidores finales?  ","En la medida en que la restauración forestal en el paisaje objetivo genere productos y servicios comercializables, se establecerán cadenas de valor que permitirán que estos productos lleguen desde el bosque restaurado hasta el consumidor final.","• Este factor clave de éxito se refiere tanto al acceso al mercado como a la demanda del mercado de productos y servicios derivados de paisajes forestales restaurados. Una “cadena de valor” describe los múltiples pasos involucrados en la oferta de un producto o servicio, como la cosecha, la recolección, el procesamiento, el transporte y la distribución. Una cadena de valor derivada de la restauración sugiere que los individuos o grupos en el área objetivo pueden obtener medios de vida y actividades económicas locales como parte de la restauración de los ecosistemas.
Además, las cadenas de valor de los productos ambientales incluyen la generación/suministro del servicio, la emisión de créditos de carbono o de naturaleza, la compra de créditos, etc. 
• Considerar si existen iniciativas, cooperativas o empresas en las áreas objetivo que vendan productos o servicios como resultado de las actividades de restauración. ¿Pueden los productores de estos lugares diferenciar sus productos y servicios a través de etiquetas, certificaciones o acceso a mercados preferenciales? ¿Existe infraestructura para procesar y agregar los productos y servicios ofrecidos desde los ecosistemas?
¿Existen promotores o desarrolladores de proyectos que apoyen la generación de créditos de carbono o de naturaleza? ¿Qué políticas que faciliten los mercados de carbono y naturaleza están en vigor?
• Los servicios de los ecosistemas restaurados podrían incluir la recreación, el turismo y el suministro de agua.","• Si la respuesta es “no”, ¿dónde están las brechas en esa cadena de valor?
• Si la respuesta es “si”,¿cuál es la cadena de valor, incluidos los productores, intermediarios, consumidores finales, etc.?","• Fomentar el crecimiento de los mercados (tanto de oferta como de demanda) de productos básicos (madera, productos agrícolas) y productos ambientales (carbono, agua, biodiversidad) derivados de paisajes restaurados.
• Proporcionar financiamiento a bajo interés para las empresas directamente involucradas en la “cadena de valor de la restauración”.
"
14,Habilitar,Condiciones de las políticas,Tenencia de Terrenos ,"14. Los usuarios de tierras, los propietarios de tierras o las comunidades tienen derechos de tenencia seguros sobre la tierra y los recursos naturales de la tierra. ","• ¿Quienes gestionan el área objetivo tienen derechos claros y seguros para utilizar la tierra, cosechar productos de forma sostenible y recibir los beneficios financieros que se derivarían de la restauración? ¿Estos derechos son accesibles a todas las partes interesadas, incluidas las mujeres y los grupos vulnerables? ","Las personas y comunidades que gestionan el área objetivo tienen derechos claros y seguros (por ejemplo, en forma de propiedad de la tierra o derechos de gestión de recursos naturales) sobre los beneficios que se derivarían de la restauración.","• La falta (o inseguridad) de tenencia de la tierra y de derechos sobre los recursos naturales en el área objetivo puede desalentar la restauración que implica intervención humana.  La gente no invertirá en plantar árboles y vegetación autóctona ni permitirá la regeneración natural en las tierras que gestiona si no es probable que se beneficie del estado restaurado.
• Los derechos de tenencia y sobre los recursos naturales pueden adoptar la forma de propiedad privada de la tierra, tierras comunales, acuerdos consuetudinarios, certificados de derechos de uso, etc.
• Considere también si la tenencia vigente se superpone o entra en conflicto con los derechos consuetudinarios.","• Si la respuesta es “no”, ¿qué derechos faltan y para quiénes?","• Reformar las políticas para garantizar que los administradores de tierras tengan derechos claros y seguros sobre la tierra y los recursos naturales (por ejemplo, los árboles) en sus tierras."
15,Habilitar,Condiciones de las políticas,Políticas,15. Se armonizan y racionalizan las políticas que afectan a la restauración,"• ¿Las políticas que podrían tener un impacto en la restauración del área objetivo están alineadas y optimizadas en un contexto global, nacional, subnacional y local?","Las políticas públicas pertinentes están alineadas, son coherentes y optimizadas para apoyar eficazmente los esfuerzos de restauración en el área objetivo. Estas políticas se refuerzan mutuamente, minimizan las barreras administrativas innecesarias y crean un entorno propicio para su aplicación. Las políticas que promueven la igualdad de género y la inclusión social también se consideran esenciales para apoyar unos resultados de restauración inclusivos y sostenibles.","• Las políticas nacionales sobre clima, biodiversidad y degradación de la tierra probablemente tendrán puntos de superposición para la restauración que pueden considerarse a través de los comités nacionales existentes.
• Otras políticas a considerar incluyen aquellas sobre agricultura, industrias extractivas, agua, planificación del uso de la tierra, infraestructura y recursos naturales.
• En algunos casos, las políticas de conservación de la naturaleza u otros sectores pueden inhibir la restauración (por ejemplo, leyes que prohíben la extracción de semillas nativas de áreas protegidas, leyes que prohíben la cosecha de especies de árboles nativos, subsidios que incentivan los factores de degradación).","• Si la respuesta es “no”, ¿cuáles políticas no están alineadas o simplificadas?","• Realizar una evaluación para identificar las políticas existentes que podrían incidir en la eficacia y eficiencia de la restauración del ecosistema, determinar si cada una de ellas se apoya mutuamente y recomendar reformas de políticas para lograr una mayor alineación."
16,Habilitar,Condiciones de las políticas,Existen restricciones de compensación,"16. Existen restricciones a la tala, degradación o perturbación de los ecosistemas naturales restantes (bosques, pastizales, humedales).",• ¿El área objetivo tiene leyes que restringen la tala o desmonte de los ecosistemas naturales restantes?,El área objetivo tiene leyes que restringen la limpieza o tala de los ecosistemas naturales restantes.,"• Las restricciones a la tala de los bosques y ecosistemas naturales restantes pueden impedir una mayor expansión de áreas degradadas o taladas. Estas restricciones también crean un incentivo para restaurar la productividad de áreas ya taladas, ya que se reducen las oportunidades de utilizar la frontera forestal.
• Las restricciones también pueden adoptar la forma de una extensa red de parques nacionales y bosques nacionales, una extensa red de territorios indígenas forestados, normas de protección de ecosistemas en tierras comunales, normas de “cero pérdidas netas”, porcentajes específicos de tierra que se requiere que permanezca como bosque (por ejemplo, el Código Forestal de Brasil) y más.
• Un componente importante de este factor clave de éxito es que los “bosques y ecosistemas naturales” hayan sido claramente definidos por la jurisdicción que patrocina la restricción (por ejemplo, el gobierno nacional).  Esta definición debe incluir los bosques primarios, los bosques secundarios y los bosques degradados y otros ecosistemas con potencial de restauración. 
Nota: Los posibles efectos de desplazamiento o fugas (por ejemplo, el desplazamiento de la limpieza a otras áreas) se abordan en una sección aparte de esta evaluación y deben considerarse junto con esta pregunta.","• Si es así, ¿cuáles son esas leyes?","• Establecer leyes que restrinjan la tala o el desmonte de los ecosistemas naturales restantes. Establecer, fortalecer y hacer cumplir marcos legales y regulatorios que restrinjan la tala, el desmonte o la conversión de los ecosistemas naturales restantes, asegurando la protección a largo plazo de los hábitats críticos y las funciones ecológicas."
17,Habilitar,Condiciones de las políticas,Se aplican restricciones de limpieza,"17. Se aplican restricciones a la tala de los ecosistemas naturales restantes (por ejemplo, bosques, pastizales, humedales).",• ¿Se aplican adecuadamente estas restricciones de limpieza o tala?,Las leyes que restringen la tala de los ecosistemas naturales restantes se aplican adecuadamente.,"• No basta con que existan regulaciones que restrinjan la tala de los ecosistemas naturales restantes; es necesario que las autoridades pertinentes hagan cumplir las restricciones.
• Particularmente en áreas remotas, la aplicación de la ley depende de la capacidad de las organizaciones encargadas de hacer cumplir la ley y de los incentivos que tienen para ejercer actividades de aplicación de la ley.","• Si la respuesta es ""no"", ¿por qué no?","• Realizar campañas de comunicación para concientizar a los actores relevantes sobre la ley. 
• Establecer un sistema de monitoreo del cambio de cobertura forestal para identificar la tala ilegal.
• Adoptar medidas coercitivas (por ejemplo, multas, denegación de acceso al crédito) contra las infracciones de la ley.
• Garantizar que los recursos humanos y financieros para la aplicación de la ley sean adecuados.
"
18,Habilitar,Condiciones sociales y culturales,"Mujeres, jóvenes, pueblos indígenas","18. Las mujeres, los jóvenes y los pueblos indígenas participan en la toma de decisiones sobre restauración","• ¿Las mujeres, los jóvenes y los pueblos indígenas que viven en el área objetivo y sus alrededores, junto con los sistemas culturales, las estructuras de gobernanza tradicionales y los sistemas de conocimiento que representan, participan de manera significativa en la toma de decisiones sobre restauración (por ejemplo, diseño de programas, establecimiento de objetivos, gestión, seguimiento y selección de indicadores)?","Se reconoce y apoya explícitamente a las mujeres, los jóvenes y los pueblos indígenas como participantes clave en la planificación y ejecución de la restauración a todas las escalas. Sus sistemas culturales, estructuras de gobernanza tradicionales y conocimientos se respetan e integran en los órganos decisorios, los acuerdos de gobernanza y los procesos de supervisión, garantizando resultados de restauración inclusivos, representativos y culturalmente apropiados.","• La toma de decisiones relacionadas con áreas (incluida la planificación, el diseño, la gestión y el seguimiento) debe ser inclusiva y culturalmente apropiada. Cuando la participación es limitada o extractiva, los esfuerzos de restauración corren el riesgo de fragmentación, debilitamiento de la apropiación local y distribución desigual de los beneficios, especialmente para las mujeres, los jóvenes y los pueblos indígenas.
• Aprovechar y fortalecer las instituciones locales existentes y los procesos culturalmente arraigados (por ejemplo, cooperativas forestales a nivel de aldeas, grupos de mujeres, organizaciones de pueblos indígenas, asociaciones de jóvenes y sistemas de gobernanza tradicional) pueden respaldar los acuerdos de cogestión, mejorar la participación local y aumentar la adopción a largo plazo de iniciativas de restauración.
• La planificación e implementación de la restauración deben reconocer y respetar los sistemas culturales en general (incluidos los valores, conocimientos y prácticas de diversos grupos de partes interesadas) e integrar estas perspectivas en los procesos de toma de decisiones, gestión y monitoreo.
• Una participación eficaz e inclusiva requiere transparencia y rendición de cuentas en la toma de decisiones, respeto por el consentimiento libre, previo e informado (CLPI) cuando corresponda, y mecanismos de quejas y retroalimentación accesibles y confiables que permitan a las partes interesadas plantear sus inquietudes y posibilitar la corrección del curso cuando los procesos o resultados fallan.","• Si la respuesta es ""no"", ¿qué grupos no están bien representados? 
• Si la respuesta es ""no"", ¿de qué aspectos de la restauración quedan excluidos los grupos vulnerables? 
","• Involucrar a representantes de las personas que viven en el área objetivo y sus alrededores en el proceso de restauración (por ejemplo, establecimiento de objetivos, diseño, implementación, monitoreo y selección de indicadores) y en los mecanismos de gobernanza (por ejemplo, grupos de múltiples partes interesadas).
• Cultivar defensores de la restauración en las comunidades locales realizando esfuerzos de desarrollo de capacidades o desarrollando estructuras financieras que prioricen proyectos de restauración liderados por la comunidad.  
• Adoptar medidas inclusivas (por ejemplo, métodos de facilitación interculturales o adaptables, convocatorias abiertas, talleres en idiomas locales) para convocar y reflejar las diversas perspectivas de todas las personas en el paisaje.
• Utilizar datos desglosados por sexo al medir la participación, los beneficios y otros resultados de la restauración."
19,Habilitar,Condiciones sociales y culturales,La población local se beneficia,19. La población local se beneficia de la restauración,"• ¿Las personas que viven en el área objetivo y sus alrededores pueden capturar o disfrutar los beneficios generados por la restauración, como mejores medios de vida o servicios ecosistémicos?","Las comunidades que viven en las zonas objetivo o en sus alrededores ven atendidas sus necesidades gracias a los esfuerzos de restauración y reciben beneficios medioambientales (por ejemplo, mejora de la calidad del agua, aumento del suministro de productos forestales) o económicos (por ejemplo, fuentes de ingresos alternativas, mejora de los medios de subsistencia) gracias a la restauración.","• La documentación de planificación y el diseño técnico de cualquier iniciativa de restauración deben incluir marcos y mecanismos para garantizar que las personas que viven en las áreas restauradas o adyacentes a ellas sean los principales beneficiarios de los resultados positivos de la restauración. Aquí encontrará ejemplos de los beneficios que puede reportar la restauración. 
• Los planificadores o implementadores de restauraciones deben preguntarse continuamente: Entre los beneficios sociales, culturales, políticos, medioambientales y económicos identificados, ¿especifican los planes de restauración qué personas o grupos locales se espera que se beneficien de las actividades de restauración? ¿Se corresponden estos beneficios con las necesidades locales? ¿Los beneficios que recibe la población local son razonables, equitativos y confiables?
• Si la población local no percibe los beneficios, tendrá pocos incentivos para cambiar sus comportamientos a fin de posibilitar la restauración o sostener el paisaje restaurado a largo plazo.  ","• Si la respuesta es “no”, ¿qué barreras o limitaciones impiden que las comunidades locales accedan a los beneficios de la restauración?","• Garantizar que los flujos financieros para los bienes y/o servicios generados por el paisaje restaurado (por ejemplo, pagos por servicios ecosistémicos) lleguen a las personas que viven en el área restaurado y sus alrededores.
• Desarrollar estructuras financieras, como bonos o esquemas de financiación basados en resultados, que recompensen a las comunidades locales por restaurar su medio ambiente. 
• Crear sistemas de monitoreo participativo que permitan a las comunidades locales informar sobre los beneficios de la restauración en el corto y largo plazo e informar sobre futuros cambios o ajustes de diseño.
• Permitir que la gente local coseche algunos de los productos forestales del ecosistema restaurado.
"
20,Habilitar,Condiciones institucionales,Roles y responsabilidades,20. Los roles y responsabilidades para la restauración están claramente definidos,"¿Están claramente definidos los roles y responsabilidades para la restauración del ecosistema en el área objetivo, son comprendidos por los actores relevantes y acompañados por la autoridad y, cuando es necesario, existen mecanismos de resolución de conflictos?","Los roles y responsabilidades para la restauración en el área objetivo están claramente definidos, son comprendidos entre los actores relevantes (por ejemplo, el gobierno, la sociedad civil, el sector privado y otras partes interesadas pertinentes) y están acompañados por la autoridad. Y existen y se aplican mecanismos de resolución de conflictos","• Considere si existen agencias, instituciones o grupos designados con el poder de implementar la restauración del ecosistema.
• En ausencia de claridad sobre los roles y responsabilidades, puede producirse inacción debido a que no se cubren roles importantes, a incertidumbre sobre quién hace qué o a que instituciones y grupos reclaman responsabilidades y derechos superpuestos.  
• Para responder adecuadamente a esta pregunta, los usuarios tal vez necesiten trazar un mapa de los mandatos existentes para la planificación, coordinación, implementación y monitoreo de la restauración entre entidades públicas, grupos y organizaciones privadas, propietarios de tierras, usuarios de tierras y otras partes interesadas clave. Los roles, responsabilidades y derechos también pueden definirse en leyes, políticas o prácticas consuetudinarias. 
• Los mecanismos de resolución de conflictos para la restauración de ecosistemas son sistemas estructurados y colaborativos diseñados para gestionar disputas entre las partes interesadas con respecto a la gestión, el acceso y el uso de los recursos naturales u otras actividades durante los proyectos de restauración.","• Si la respuesta es “no”, ¿qué falta en términos de claridad de roles y responsabilidades?","• Crear una plataforma o comité de restauración de ecosistemas a nivel nacional, estatal, local o de cuenca hidrográfica que articule los roles y responsabilidades entre las entidades gubernamentales, de la sociedad civil, académicas y del sector privado y otras partes interesadas relevantes."
21,Habilitar,Condiciones institucionales,Coordinación institucional,21. Se mantiene una coordinación institucional eficaz,"¿Se coordinan eficazmente las partes interesadas pertinentes del gobierno, la sociedad civil y el sector privado -por ejemplo, a través de un grupo de trabajo o un proceso multilateral- para diseñar, aplicar y supervisar la restauración del ecosistema en el área candidata, garantizando al mismo tiempo que estos esfuerzos incluyan a los grupos vulnerables?","Los actores relevantes del gobierno, la sociedad civil y/o el sector privado están suficientemente coordinados para diseñar, implementar y supervisar la restauración en el área objetivo.","• Considere si las instituciones públicas y privadas se han comprometido a establecer un liderazgo y mandatos claros para la restauración. ¿Existe una acción conjunta demostrada en forma de mecanismos de coordinación, comités, grupos de trabajo o alianzas que se reúnan periódicamente y tomen decisiones sobre la restauración? ¿Estos esfuerzos de coordinación incluyen planes, datos, aportes técnicos y seguimiento compartidos, especialmente entre los niveles de gobernanza local, regional y nacional?","• Si la respuesta es “no”, ¿qué falta en términos de coordinación?","• Dentro del gobierno, crear un Grupo de Trabajo interministerial sobre Restauración de Ecosistemas encargado de coordinar las actividades gubernamentales (nacional, estatal y municipal) en materia de restauración.
• Crear una iniciativa de restauración con múltiples partes interesadas que establezca la visión y coordine las actividades de restauración en todo el paisaje (por ejemplo, el PACT del Bosque Atlántico de Brasil).
"
22,Implementar,Liderazgo,Campeones de la restauración,22. Existen lideres nacionales  y/o locales de restauración,"• ¿Existe un líder o lideresa carismático/a y comprometido/a de la restauración para el área objetivo? ¿Representan a todas las partes interesadas de la sociedad, incluidas las mujeres, los jóvenes y los pueblos indígenas? ","Existen personas carismáticas (o instituciones poderosas) que pueden inspirar eficazmente a los responsables de la toma de decisiones para perseguir la restauración, movilizar apoyos y mantener el impulso a lo largo del tiempo en el área candidata","• Los lideres locales de la restauración pueden ser personas o grupos comprometidos con la restauración del área y capaces de actuar en consecuencia. En algunos paisajes o ecosistemas, puede ser necesario resaltar a los lideres de restauracion y darles un perfil visible.
• Históricamente, los ejemplos exitosos de restauración contaron con un promotor o un fuerte apoyo gubernamental. Pocos carecían de ambos.",• ¿Quién es el lider local de la restauración(es)?,"• Cultivar, apoyar y dar voz a los posibles lideres locales de la restauración (individuos, organizaciones).
• Convocar reuniones de lideres locales de la restauración de múltiples ubicaciones (incluso afuera del área candidata) para que se inspiren mutuamente y compartan las mejores prácticas. 
"
23,Implementar,Liderazgo,Compromisos políticos,23. Existe un compromiso político sostenido,"• ¿Existe un compromiso claro y sostenido a largo plazo por parte de las instituciones gubernamentales y no gubernamentales para apoyar los esfuerzos de restauración en el área objetivo, incluidos los presupuestos asignados?","El compromiso de las autoridades gubernamentales (en los niveles pertinentes, cuando corresponda) y de las instituciones no gubernamentales con la restauración en el área objetivo está claramente establecido y reconocido como un compromiso sostenido y de largo plazo y con un presupuesto asignado. ","• Puede ser difícil predecir el compromiso a largo plazo de un gobierno u organización.  En tales situaciones, hay que considerar si el compromiso trasciende a los partidos políticos y si la restauración producirá beneficios recurrentes para las principales partes interesadas.
• Los objetivos de restauración del gobierno podrían ser apoyados con fondos públicos específicos. A la hora de revisar, compruebe si los objetivos llevan aparejado un presupuesto o mecanismo de financiación claro, que indique una demanda real y sostenida, o si existe un plan de financiación. ","• En caso afirmativo, ¿cuál es la prueba del compromiso expreso y de quién?","• Crear y movilizar un electorado amplio (que represente a múltiples sectores, incluida la agricultura) que mantenga la restauración en la agenda política nacional."
24,Implementar,Conocimiento,"El ""saber hacer"" de la restauración existe","24. Existen ""conocimientos técnicos"" de restauración pertinentes para el área candidata","• ¿Existe conocimiento local diverso (incluido el conocimiento indígena, el conocimiento ecológico tradicional y el conocimiento con perspectiva de género) sobre cómo implementar la restauración a escala en el área objetivo?","Los expertos locales conocen las técnicas de restauración (por ejemplo, regeneración natural y asistida, conocimientos tradicionales) adaptadas al área candidata, o generan investigaciones al respecto.","• La experiencia local puede provenir del conocimiento tradicional de las comunidades que viven en el paisaje o sus alrededores, de expertos de universidades y servicios de extensión rural, y de organizaciones no gubernamentales activas en ese campo.
• El conocimiento puede generarse localmente o importarse de otro lugar, pero debe ser comunicado o impartido por profesionales locales. Se puede obtener orientación sobre “mejores prácticas” en materia de restauración de parte de universidades, organizaciones no gubernamentales o agencias de extensión, así como también de individuos o grupos locales con experiencia en restauración a largo plazo.","• Si la respuesta es “no”, ¿cuáles son las lagunas de conocimiento más importantes?","• Crear programas de restauración de ecosistemas en universidades y escuelas de agricultura.
• Priorizar la restauración de ecosistemas en los programas públicos y privados de subvenciones para investigación.
• Construir puentes entre investigadores y profesionales de la restauración para que los primeros generen investigaciones prácticas que se apliquen en el paisaje.
"
25,Implementar,Conocimiento,Transferencia de conocimientos,"25. El ""saber hacer"" de la restauración se transfiere a través de homólogos o servicios de extensión","• ¿Existen servicios de extensión, visitas de agricultor a agricultor, grupos de mujeres, redes locales y/u otros medios de concientización y desarrollo de capacidades para la restauración, y cuentan con los recursos adecuados en el área objetivo o a nivel nacional?","Se cuenta con asistencia técnica y extensión rural (“servicios de extensión”), visitas de agricultor a agricultor, grupos de mujeres, redes locales y/u otros medios de concientización y desarrollo de capacidades para la restauración, y se cuenta con los recursos adecuados en el área candidata.","• El intercambio de conocimientos puede documentarse en servicios de extensión formales, como visitas de campo, programas de capacitación, escuelas de campo, materiales impresos y sitios de demostración.
• Considerar si los grupos de aprendizaje informales sobre restauración están compartiendo información o coordinando actividades, incluidos grupos de mujeres, asociaciones de productores o intercambio de conocimientos entre pueblos indígenas. Esta comunicación de ""agricultor a agricultor"" o de ""gestor de tierras a gestor de tierras"" puede ser uno de los medios más eficaces de educación y formación. 
• Las redes o asociaciones locales para el desarrollo de capacidades en materia de restauración de ecosistemas, agroforestería o reforestación pueden ser mencionadas en documentos o informes nacionales de organizaciones no gubernamentales.","• Para el panorama candidato, ¿qué entidades están mejor posicionadas para prestar servicios de extensión?","• Facilitar reuniones entre agricultores y la interacción en materia de restauración.
• Establecer indicadores clave de desempeño relacionados con la restauración de ecosistemas para los agentes de extensión.
• Aumentar la financiación para la capacitación en restauración de ecosistemas dentro de los servicios de extensión.
• Incluir asistencia técnica para la restauración como parte de los paquetes de financiamiento agrícola para los agricultores.
• Utilizar tecnologías modernas de información y comunicación para conectar mejor a los agentes de extensión y a los administradores de tierras, y para proporcionar a ambos la investigación y la información más actualizadas."
26,Implementar,Diseño técnico,Diseño Resiliente ,26. El diseño de la restauración tiene una base técnica y adaptada al cambio climático,"• ¿El plan de restauración del área objetivo se basa en las mejores prácticas, incorporando la mejor ciencia disponible, el conocimiento ecológico tradicional y enfoques resilientes al clima?","El plan de restauración se basa en las mejores prácticas de diseño, ejecución y mantenimiento de las actividades de restauración. El plan de restauración del paisaje incorpora la mejor ciencia disponible y enfoques resilientes al clima que garantizan que la intervención, incluidos aspectos como la selección de especies y las técnicas de restauración, sea apropiada para el contexto local y los objetivos de la intervención, y reduzca la vulnerabilidad de la intervención de restauración a los impactos climáticos como sequías, inundaciones, incendios forestales y temperaturas extremas. ","• Considerar si los enfoques para la restauración de los ecosistemas están respaldados por la investigación científica, el conocimiento local o las prácticas indígenas para recuperar los ecosistemas naturales y reducir la vulnerabilidad a los impactos climáticos.  
• El diseño técnico debe abordar aspectos tales como la preparación del sitio, la pendiente, la selección de especies, el espaciamiento de los árboles y el mantenimiento, o cómo eliminar las presiones que impiden que la vegetación natural vuelva a crecer (por ejemplo, el ganado, los incendios).  
• Los planes de restauración deben tener en cuenta los impactos climáticos proyectados para ser resilientes al clima.","• Si la respuesta es “no”, ¿qué falta en el plan?","• Desarrollar un plan de restauración basado en la mejor ciencia y teniendo en cuenta el cambio climático.
• Revisar los planes de restauración de experiencias de restauración exitosas en otros lugares para obtener conocimientos sobre las mejores prácticas.
"
27,Implementar,Diseño técnico,"Limita las ""fugas","27. La restauración limita las ""fugas""","• ¿El proceso de restauración cuenta con disposiciones establecidas (por ejemplo, políticas, prácticas, incentivos, mejoras de rendimiento) que limiten las fugas o se está desarrollando de una manera que las reduce? ¿Las actividades de restauración evitan el desplazamiento de los usuarios de la tierra a otras zonas en las que no tienen más opción que transformar/limpiar ecosistemas naturales para usos agrícolas de la tierra?","La restauración de los ecosistemas en el área candidata evita la transferencia de las actividades de desmonte a otros lugares (""fugas""), lo que se traduce en un aumento neto de la superficie restaurada.","• Existe el riesgo de que la restauración del ecosistema en el área objetivo pueda resultar en el desplazamiento de las actividades que estaban causando la degradación de la tierra a algún otro paisaje.
• Si bien dicha “fuga” podría resultar en un aumento de la cantidad de área restaurada en el paisaje objetivo, también resultaría en un aumento de tierras degradadas o deforestadas en otros lugares.  
• Las formas de limitar las fugas de las actividades de restauración podrían incluir: Combinar la restauración con usos productivos (por ejemplo, agroforestería), brindar alternativas de sustento locales que no requieran convertir tierras en tierras agrícolas, aumentar la eficiencia agrícola para que la producción no se traslade a nuevas áreas, planificar la restauración a nivel del paisaje para gestionar dónde cambian las actividades y abordar los factores subyacentes de la degradación. 
• Para obtener más información sobre la reforestación en un país que desplaza la deforestación a otro país, consulte: Meyfroidt y Lambin (2011).","• Si la respuesta es “no”, ¿qué medidas faltan en el proceso de restauración para evitar el desplazamiento de la degradación de la tierra a otras áreas?","• Introducir medidas que aumenten la productividad por hectárea de cultivos, ganado o madera de las tierras agrícolas y forestales existentes.
• Introducir medidas que reduzcan la demanda de cultivos, ganado o madera.

"
28,Implementar,Financiación e incentivos,Supera los incentivos negativos,28. Los incentivos positivos y los fondos para la restauración superan a los incentivos negativos,"• Desde la perspectiva de las partes interesadas pertinentes, ¿los incentivos financieros y los mecanismos de financiación disponibles fomentan suficientemente la restauración en el área objetivo, en comparación con los incentivos que pueden desalentar o impedir la recuperación del ecosistema?","Desde la perspectiva de las partes interesadas pertinentes, los incentivos financieros y los mecanismos de financiación para apoyar la restauración en la zona candidata están disponibles, son accesibles y suficientemente atractivos para fomentar la inversión en actividades de restauración. Estos incentivos están diseñados para compensar los costos de oportunidad y los riesgos financieros asociados con la restauración, y para compensar los incentivos competitivos que favorecen usos de la tierra o prácticas que obstaculizan o retrasan la recuperación del ecosistema. El marco general de incentivos apoya el compromiso sostenido con la restauración a largo plazo.","• La restauración puede ocurrir cuando los incentivos generales superan tanto los costos de la restauración como los beneficios continuos que se obtienen en el paisaje degradado.
• Los incentivos “positivos” (por ejemplo, subvenciones, préstamos, exenciones fiscales, subsidios, pagos por servicios ecosistémicos, bienes y servicios privados) fomentan la restauración, mientras que los incentivos “negativos” (por ejemplo, subsidios para la ganadería, la agricultura o las industrias extractivas) la desalientan.
• Si los incentivos positivos se ven eclipsados por los negativos, es poco probable que haya una restauración a gran escala; y tanto la cantidad como el momento de los incentivos importan.
• Los incentivos y la financiación son parte de la implementación porque afectan directamente las decisiones de los administradores de tierras para restaurar.
• También se pueden analizar los compromisos corporativos para el área propuesta, los cuales se refieren a los compromisos de las empresas para restaurar ecosistemas o cumplir objetivos climáticos y de biodiversidad. Al revisar, compruebe si estos compromisos son específicos, mensurables y están vinculados a acciones concretas o a la financiación de la restauración.","• ¿Cuáles son los principales incentivos positivos y negativos que influyen en las decisiones de restauración y uso de la tierra en el paisaje objetivo?
• Desde la perspectiva de las partes interesadas pertinentes, ¿cuál es la magnitud o escala de estos incentivos (por ejemplo, valor financiero por hectárea o medidas comparables)?","• Introducir mecanismos de financiación dedicados a la restauración de ecosistemas, como:
- Subvenciones
- Préstamos a bajo interés
- Exenciones fiscales (sobre los insumos, los productos o la financiación de la restauración)
- Gasto público directo
- Políticas de contratación pública
- Pagos por servicios ecosistémicos (por ejemplo, agua, carbono)
- Eliminar o reducir los incentivos que desincentivan la regeneración forestal o arbórea
• Utilizar evaluaciones de los flujos de financiamiento público a sectores clave, como la agricultura o la silvicultura, para identificar dónde pueden estar ocurriendo impactos no deseados y perjudiciales para el medio ambiente. Los flujos de financiación pueden incluir subvenciones o incentivos, entre otros. "
29,Implementar,Financiación e incentivos,Financiación disponible,29. Hay financiación disponible para acciones de restauración,"¿Son los incentivos financieros y los mecanismos de financiación destinados a promover la restauración en el área objetivo accesibles, inclusivos y utilizables por una amplia gama de partes interesadas, incluidas las comunidades locales, garantizando al mismo tiempo la sostenibilidad a largo plazo?","Los mecanismos e incentivos financieros han sido cuidadosamente diseñados, seleccionados y aplicados para apoyar eficazmente las políticas, acciones y medidas de restauración, tanto a escala del paisaje como de la comunidad. Estos mecanismos son accesibles a un amplio abanico de partes interesadas, promueven la participación equitativa y aprovechan la financiación del sector privado, cuando procede, para mejorar y mantener los resultados de la restauración. La financiación a largo plazo se refiere a los recursos financieros que se comprometen a apoyar actividades durante un largo periodo de tiempo, garantizando la continuidad y la estabilidad.","• Los incentivos y fondos incluyen subvenciones, préstamos, exenciones fiscales sobre los insumos, productos o financiación de la restauración, gastos gubernamentales directos como subsidios o políticas de adquisiciones, pagos por servicios ecosistémicos o mercados privados de bienes y servicios que fomentan los esfuerzos de restauración de los ecosistemas.
• Considere si las personas, comunidades o grupos en las áreas de restauración han solicitado y recibido apoyo financiero para actividades de restauración. Incluya comentarios de las personas o grupos que han intentado acceder a estos incentivos o fondos pero no lo han conseguido.
• La financiación a largo plazo y los mecanismos de mercado se refieren al apoyo financiero sostenido para actividades a lo largo del tiempo, incluidas fuentes de financiación específicas o sistemas que generan una demanda continua, como los mercados de crédito ambiental. Al realizar la revisión, verifique si existen compromisos de financiación plurianuales o instrumentos basados en el mercado que puedan respaldar de manera confiable la implementación.","• Si la respuesta es “no”, ¿cuáles son las barreras de acceso?","• Comunicar y publicitar activamente la disponibilidad de incentivos financieros y oportunidades de financiación mediante una difusión accesible y específica.
• Brindar asistencia técnica y administrativa a las partes interesadas y a los usuarios de la tierra para apoyar los procesos de solicitud, cumplimiento y presentación de informes.
• Simplificar los procedimientos de solicitud y reducir los requisitos administrativos y de documentación para disminuir las barreras de acceso a incentivos y fondos."
30,Implementar,Retroalimentación,Seguimiento y evaluación,30. Existe un sistema eficaz de monitoreo para el seguimiento,"¿Existe un sistema de seguimiento para el seguimiento y evaluación del progreso de la restauración a nivel paisajístico o nacional pertinente, y está alineado con los sistemas de seguimiento nacionales y globales?  ",Existe un sistema para supervisar los progresos y evaluar el impacto de la restauración en el área candidata.,"• La información para el seguimiento y la evaluación debe recopilarse de forma planificada y continua para proporcionar conocimiento y retroalimentación sobre la implementación de las actividades de restauración. Los aspectos a supervisar pueden incluir las hectáreas restauradas, las tasas de supervivencia de las especies plantadas, los beneficios económicos y sociales cuantificados y los flujos de servicios ecosistémicos.
• Los sistemas de seguimiento y evaluación pueden emplear enfoques como la teledetección, el seguimiento a nivel del suelo con participación colectiva (por ejemplo, utilizando tecnologías de la comunidad, voluntarios y comunicaciones) y encuestas a los habitantes del área objetivo.","• Si la respuesta es “si”,  ¿ya se están recopilando datos de referencia?
• Si la respuesta es “no”, ¿qué aspectos de un sistema de supervisión del desempeño faltan?
","• Siempre que sea posible, establecer una línea de base (por ejemplo, fotografías, imágenes satelitales, datos sobre hectáreas y otras mediciones del paisaje tal como es) para permitir comparaciones a lo largo del tiempo.
• Desarrollar e implementar un sistema de monitoreo del desempeño (incluyendo monitoreo por teledetección y monitoreo participativo a nivel del terreno).
"
31,Implementar,Retroalimentación,Comunicar los éxitos ,31. Se comunican los éxitos tempranos y continuos,• ¿Se comunican los éxitos de la restauración y se identifica al público objetivo?,"Los éxitos clave en la restauración del área candidata se comparten rápidamente con las partes interesadas, lo que garantiza que estén informadas del progreso y fomenta un sentido de asociación y compromiso.","• La comunicación puede adoptar la forma de documentación y cobertura de historias en campañas mediáticas y redes sociales, pero también puede incluir observación directa a través de visitas de agricultores, administradores de tierras y tomadores de decisiones a los sitios de restauración.
• Lograr y comunicar públicamente el éxito, incluidos los “éxitos tempranos”, puede ayudar a mantener el impulso, atraer más participación, generar réplicas en otras partes del panorama, apuntalar el apoyo político y sostener el financiamiento externo.","• Si la respuesta es “sí”, ¿cómo se comunican los éxitos (por ejemplo, a través de qué medios)?
• Si la respuesta es “no”, ¿qué medios están disponibles y podrían utilizarse?
","• Comunicar públicamente el progreso de la restauración, las historias de éxito y las lecciones aprendidas.  Asegúrese de que las historias conectan con el público destinatario (por ejemplo, imágenes de progreso, historias de beneficios para las personas)."
