id,Theme,Enabling condition,Key Factor,Question,Definition,Guidance,Follow up question(s),Examples of strategies to address gap in key factor,
1,Motivate,Benefits,1. Restoration generates economic benefits, Is restoring the target landscape or geography expected to generate economic benefits that result in a net positive financial or economy-wide economic impact relative to the status quo land use? ,"Restoring the candidate landscape is expected to yield economic benefits (e.g., economic diversification, avoided damages, new marketable products) that create a net positive financial impact (private benefits) and/or net positive economy-wide impact (public benefits) relative to the status quo land use. Side note: “economic impacts referring to environmental benefits that function as public goods, or to economy-wide economic impacts that capture restoration-related spillovers across value chains and the broader economy, including GDP growth and employment. Such impacts typically arise from economic benefits like diversification, avoided damages, and new market products enabled by restoration. "," Economic benefits from restoration are the overall positive outcomes for income or finance that result from implementing restoration activities versus a business-as-usual scenario. 
 Examples of economic benefits include increased income, improved entrepreneurship opportunities, increased production of key commodities, or new employment opportunities that result from restoration efforts. A more complete list of possible benefits is included in this tool in the “Restoration Benefits” table.
 The timeframe of this answer should consider the timeframe of the anticipated restoration activities, recognizing that restoration processes and their benefits occur over the long-term.
 Make note of which individuals or groups would likely receive these benefits.
  Some landowners may be concerned that “restoration” means they will lose their land, user rights, or income relative to the status quo. Therefore, the answer to this question can be supported with documents that show how the net benefits outweigh the costs.Side note: formalized land rights might emerge as a positive co-benefit of the restoration project. In some cases, implementing the project and disbursing finance to support restoration activities may require clear land rights to be clearly defined. Consequently, this could accelerate demarcation processes and enable local communities to obtain legal title to their land."," If “yes”, then what are the expected economic benefits?
 If “yes”, then who benefits?
 If “no”, then how big is the expected financial or economic gap?
"," Conduct a benefit-cost analysis comparing (a) likely benefits generated from the restored landscape, (b) likely costs of restoring the target landscape, and (c) likely costs and benefits of the status quo use of the landscape.",
3,Motivate,Benefits,3. Restoration generates environmental benefits, Is restoring the target landscape or geography expected to generate environmental benefits?,"Restoring the target landscape is expected to yield environmental benefits (e.g., for biodiversity conservation, climate resilience, avoid desertification, ecosystem services, or others)."," Environmental benefits may include, but are not limited to, improvements in biodiversity, watershed security, climate mitigation and adaptation, and soil fertility. A more detailed list of potential environmental benefits can be found in the supporting materials for this diagnostic, under the “Restoration Benefits” table."," If “yes”, then what are the expected environmental benefits?"," Engage scientists (e.g., biologists, ecologists, hydrologists, soil scientists) to identify which environmental benefits could be generated from restoration efforts.         ",
4,Motivate,Awareness,4. Benefits of restoration are publicly communicated," Are the benefits of restoring the target landscape communicated to all stakeholders, including vulnerable groups, and communication channels designed to reach these diverse stakeholders?","The benefits of restoring the target landscape have been clearly communicated to land managers, vulnerable groups, and other relevant stakeholders
"," Communication may be through various channels, including articles, press, social media, radio and television, demonstration visits, street plays or other pathways that target relevant stakeholders and decision makers.
 Peer-to-peer communication of restoration benefits can be an effective means of raising awareness and motivating action.
 Consider whether this communication is organized as part of a larger stakeholder engagement strategy.
 A more complete list of benefits is included in the supporting materials to diagnostic in the “Restoration Benefits” table.
"," What benefits might arise?
 How has the communication specifically targeted or included key stakeholders?
"," Produce awareness-raising materials and campaigns via newspapers, radio, television, internet, and/or site visits, depending on the target audience
 Introduce and/or leverage existing national restoration activities such as public or school tree planting programs.
",
5,Motivate,Awareness,5. Opportunities for restoration are identified, Have target or priority areas for restoration been identified and quantified?,Candidate areas for restoration have been identified and quantified.    ," Target areas for restoration are the places where restoration efforts should occur based on a combination of environmental, social, and economic considerations. 
 Information on these opportunities may be presented in national or subnational maps and/or restoration strategies, and should be consistent with the areas that government agencies use when allocating funding, programs, planning resources for restoration. 
 Consider whether stakeholders recognize and reference the same priority levels."," If “yes”, then where are the candidate areas?
 If “yes”, then how big is the restoration opportunity?
", Conduct a “Restoration Opportunities Assessment Methodology” planning activity. This is a comprehensive restoration planning resource available online https://iucn.org/resources/grey-literature/guide-restoration-opportunities-assessment-methodology-roam,
6,Motivate,Crisis events,6. Crisis events are leveraged," Is the target landscape or geography experiencing a crisis event, or the risk of one in the future, that would motivate restoration in the target landscape, and how could those events affect the different groups of population (rural and peasants, urban, indigenous, women, youth, etc)? ",The government and/or civil society use the risk or occasion of crisis events to build political and public support for ecosystem restoration.," Crisis events can include floods, landslides, droughts, fires, sandstorms, wood shortages, declining crop yields, and unemployment, among others.  Crises can include humanitarian catastrophes where damage could have been avoided if natural ecosystems were intact (e.g., a landslide), where the act of restoration could address the crisis (e.g., unemployment), or where restoration prevents future crises (e.g., floods). 
 One does not desire these events to occur.  But when they do occur, restoration supporters should act quickly to mobilize political and community support for restoration.
 In the context of climate change and resilience, be sure to consider both past climate impacts as well as future scenarios and to plan accordingly, where thresholds must now be calculated more broadly."," What types of crises have occurred in the target landscape in the past? 
 What types of crises could occur in the future?  
"," Conduct and communicate research that quantifies and visualizes the extent to which restored ecosystems can prevent or mitigate natural humanitarian disasters and save money on mitigation efforts when proper planning and prevention are implemented.
 When disasters occur, immediately publicly communicate the benefits of restoration.
",
9,Enable,Ecological conditions,"9. Soil, water, climate, and fire conditions are suitable for restoration"," Are the target landscape’s soil, rainfall, temperature, and fire and management conditions suitable for enabling growth and survival or planted or naturally regenerating vegetation?  ","The target landscape’s soil, rainfall, and temperature conditions are suitable for regrowth of natural vegetation, and the fire regime does not hinder recovery of natural ecosystems. "," This key factor combines multiple ecological conditions affecting ecosystem restoration.  Each condition (soil, rainfall, temperature, fire) should be evaluated on its own, yet the response can reflect the aggregate of the four."," If “no”, then what are the gaps in physical suitability? Are efforts to overcome these constraints feasible?"," Adaptively manage or adjust restoration plan (e.g., species mix) to match water and climate regime of landscape.
 Launch program to prevent unwanted fires or introduce prescribed fires
 Launch program to improve soil quality (e.g., plant nitrogen-fixing species). 
 Create bunds or half-moons to store water after rains",
10,Enable,Ecological conditions,10. Plants and animals that can impede restoration are minimized, Can unwanted invasive plants and animals that hinder ecosystem recovery be effectively removed or controlled In the target landscape and restoration sites?,Persistent invasive species in the target landscape can be managed or controlled to avoid interference with replanted or naturally regenerating vegetation. Restoration sites can be protected from grazing livestock that impede ecosystem recovery.," Consider whether there are monitoring or control measures (fencing, weed management, removal) in place to manage problematic or invasive species that can outcompete or exclude species used for restoration.
 Landscapes may be free of unwanted plants and/or unwanted animals either because none ever existed naturally in the landscape or because they have been successfully minimized through management.
 Examples of species that can impede restoration efforts include Brachiaria spp. in Brazil, Imperata cylindrica in Indonesia, Pueraria montana (kudzu) in southern United States, and uncontrolled grazing animals (cattle, sheep, goats) in multiple locations."," If “no”, then what are the persistent plant and/or animal species and how do they affect ecosystem restoration?"," Implement program to remove invasive plants (e.g., using fast-growing native trees to shade out invasives, using goats, appropriate use of fire).
 Implement program to exclude unwanted roaming livestock (e.g., incentives and training for fences).
",
11,Enable,Ecological conditions,"11. Native seeds, seedlings, or source populations are readily available"," Does the target landscape have source populations, soil propagules bank (such as underground root systems and seed banks), or low-cost sources of native seeds and seedlings that can be the foundation for ecosystem recovery? ","The target landscape has natural sources that support regeneration, such as nearby natural areas, regrowth from underground roots, animal-dispersed seeds, and easy access to low-cost native seeds and seedlings that support ecosystem recovery."," Viable source populations or soil propagules bank of native plants are critically important for passive restoration.  
 This key success factor applies to the entire supply chain for native seeds and seedling, including seed production, seed collection and processing, and seedling nurseries."," If “no”, then where is the gap (e.g., seeds, seed collectors, nurseries, source populations, soil propagules banks?"," Establish laws protecting remaining tracts of native vegetation in candidate landscape.
 Create financial incentives and capacity-building programs aimed at strengthening and increasing the number and quality of seedling nurseries and seed collector networks.
",
12,Enable,Economic conditions,"12. Competing economic demands for land (e.g., food, fuel) that driveland degradation are being managed "," Are the economic pressures from crop, livestock, fuelwood, and/or biofuel production on degraded lands and natural ecosystems declining in the target landscape?)","Demand for crop, livestock, fuel wood, and/or biofuel production on degraded or natural ecosystems in the target landscape is declining (e.g., due to productivity improvements elsewhere), thereby reducing pressures that drive land degradation and “freeing up” opportunities for restoration.  ","  Competing land-use pressures may come from agricultural expansion, infrastructure development, livestock grazing, fuel wood and urbanization.
 This key success factor is arguably one of the most important in light of increasing global demand for land to produce crops, livestock, and biofuel (Searchinger et al. 2013).  
 This key factor would not apply when land is restored into agroforestry or silvopastoral systems which continue to produce crops and livestock, respectively.", What are the main alternative competing land uses for the candidate areas to be restored?," Pursue technical and financial measures to increase the productivity (yields per hectare) of crops and livestock on existing nonmarginal agricultural land.
 Pursue technical and financial measures to increase the supply of timber and agricultural products and of nonbiomass renewable energy from restored landscapes.
 Avoid establishing bioenergy targets that could lead to degraded or former forestlands being converted to biomass plantations.
  Do financial measures include policy incentives? A key strategy to address this economic pressure is to redirect incentives away from harmful land-use activities and toward regenerative agricultural practices. ",
13,Enable,Economic conditions,"13. Value chains and/or market exist for commodity products (timber, agricultural products) and environmental products (carbon, water, biodiversity) from restored areas
", Are value chains in place allowing products from restored land to reach end consumers?,"To the degree that forest restoration in the target landscape generates marketable products and services, value chains are in place allowing these products to get from the restored forest to the end consumer."," This key success factor refers to both market access and market demand for products and services derived from restored forest landscapes. A “value chain” describes the multiple steps involved in offering a product or service such as harvesting, collection, processing, transportation, and distribution. A value chain from restoration suggests that individuals or groups in the target landscape can derive livelihoods and local economic activities as a part of restoring ecosystems.
 Consider if there are initiatives, cooperatives or businesses in the target landscapes that sell products or services as a result of restoration activities. Are producers in these places able to differentiate their products and services through labels, certifications, or access to preferred markets? Is there infrastructure for processing and aggregating the products and services offered from the target landscapes?
 Services from restored ecosystems could include recreation, tourism, and water provisioning."," If “no”, then where are the gaps in such a value chain?
- If """"yes,"""" what is the value chain, including the producers, intermediaries, final consumers, etc."," Encourage growth of markets (both supply and demand) for commodity products (timber, agricultural products) and environmental products (carbon, water, biodiversity) derived from restored landscapes.
 Provide low-interest financing for businesses directly involved in the “restoration value chain.”
",
14,Enable,Policy conditions,"14. Landusers, landholders or communities hold secure tenure rights to land and natural resources on the land "," Do those who manage the target landscape have clear and secure rights to use land, harvest products sustainably, and receive financial benefits that would accrue from restoration? Are these rights accessible to all stakeholders, including women and vulnerable groups? ","People and communities who manage the target landscape have clear and secure rights (e.g., in the form of land ownership or natural resource management rights) to the benefits that would accrue from restoration."," Lack of (or insecure) land tenure and natural resource rights in the target landscape can discourage restoration that involves human intervention.  People will not invest in planting trees and native vegetation or allow natural regeneration on lands they manage if they are unlikely benefit from the restored state.
 Tenure and natural resource rights can take the form of private land ownership, communal lands, customary agreements, user-right certificates, etc.
 Also consider whether the tenure that is in place overlaps or conflicts with customary rights."," If “no”, then what rights are missing, and for whom?"," Reform policies to ensure that land managers have clear and secure rights to land and the natural resources (e.g., trees) on their land.",
15,Enable,Policy conditions,15. Policies affecting restoration are harmonized and streamlined," Are policies that may could impact restoration in the target landscape aligned and streamlined at a global, national, subnational and local context?","Relevant public policies are harmonized, streamlined (e.g., not too bureaucratic), and mutually reinforcing to support restoration in the target landscape. Please not that polices that support gender and social inclusion are also relevant."," National policies on climate, biodiversity, and land degradation will likely have points of overlap for restoration that can be considered through existing national committees.
 Other policies to consider include those on agriculture, extractive industries, water, land use planning, infrastructure and natural resources.
 In some cases, policies for nature conservation or other sectors may inhibit restoration (e.g., laws forbidding extraction of native seeds from protected areas, laws forbidding harvesting native tree species, subsidies that encourage to drivers of degradation)."," If “no”, then which policies are not aligned or streamlined?"," Conduct an assessment to identify existing policies that might impact the efficacy and efficiency of ecosystem restoration, determine whether or not each is mutually supportive, and recommend policy reforms to achieve greater alignment.",
23,Implement,Policy conditions,23. Sustained political commitment exists," Is there expressed, long-term commitment from government and nongovernmental institutions to restoration in the target landscape?",Commitment from government (at multiple levels if relevant) and nongovernmental institutions to restoration in the candidate landscape exists and is viewed as a long-term commitment.,"It can be challenging to anticipate the long-term commitment of a government or organization. In these cases, evaluate whether that commitment goes beyond political parties and whether the restoration efforts will yield ongoing benefits for key stakeholders. Additionally, consider if the policies are viewed as long-term state or national strategies."," If “yes”, what is the proof of the expressed commitment, and from whom?", Create and mobilize a broad constituency (representing multiple sectors including agriculture) that keeps restoration on the national political agenda.,
24,Implement,Knowledge,"24. Restoration """"know how"""" relevant to candidate landscapes exist"," Does diverse local knowledge exist (including Indigenous, traditional ecological knowledge, and gender-informed knowledge) on how to implement restoration at scale in the target landscape?","Local experts know of -- or generate research on -- restoration techniques (e.g., natural and assisted regeneration, traditional knowledge) tailored to the candidate landscape."," Local expertise can come from traditional knowledge from communities living in or around the landscape, experts from universities and rural extension services, and nongovernmental organizations active in the field.
 The know-how may be generated locally or might be imported from elsewhere but should be communicated or delivered by local practitioners. “Best practice” guidance on restoration may be available from universities, nongovernmental organizations, or extension agencies, as well as from local individuals or groups with long-term restoration expertise."," If “no”, then what are the most important knowledge gaps?"," Create programs on ecosystem restoration in universities and agriculture schools.
 Prioritize ecosystem restoration in public and private research grant-making programs.
 Build bridges between researchers and restoration practitioners so the former generate actionable research that is applied in the landscape.
",
25,Implement,Knowledge,"25. Restoration """"know how"""" is transferred via peers or extension services"," Are extension services, farmer-to-farmer visits, women’s groups, local networks and/or other means of awareness raising and capacity building for restoration in place, and adequately resourced in the target landscape or at national level?","Technical assistance and rural extension (“extension services”), farmer-to-farmer visits, women's groups, local networks and/or other means of awareness raising and capacity building for restoration are in place and adequately resourced in the candidate landscape."," Knowledge sharing may be documented in formal extension services like field visits, training programs, field schools, printed materials and demonstration sites.
 Consider whether informal learning groups on restoration are sharing information or coordinating activities, including women’s groups, producer associations, or knowledge exchange among Indigenous Peoples. This “Farmer-to-farmer” or “land-manager-to-land-manager” communication can be one of the most effective means of education and training. 
 Local networks or partnerships for capacity building on ecosystem restoration, agroforestry, or reforestation may be reported in national documents or reports by nongovernmental organizations."," For the candidate landscape, which entities are best positioned to deliver extension services?"," Facilitate farmer-to-farmer meetings and interaction regarding restoration.
 Set key performance indicators related to ecosystem restoration for extension agents.
 Increase funding for ecosystem restoration training within extension services.
 Include restoration technical assistance as part of agriculture financing packages to farmers.
 Utilize modern information and communication technologies to better connect extension agents and land managers, and to provide both with the most up-to-date research and information.",
26,Implement,Technical design,26. Restoration design is technically grounded and climate resilient," Is the restoration plan for the target landscape based on best practices, incorporating the best available science, traditional ecological knowledge, and climate resilient approaches?","The landscape restoration plan for the candidate landscape is based on best practices for design, implementation, and maintenance of restoration actvities. The landscape restoration plan incorporates the best available science and climate resilient approaches that ensure the intervention, including aspects such as species selection and restoration techniques, is appropriate for the local context  and goals of the intervention, and reduce vulnerability of the restoration intervention to climate impacts such as drought, flood, wildfires, and extreme temperatures. "," Consider whether the approaches for ecosystem restoration are supported by scientific research, local knowledge, or Indigenous practices for recovering natural ecosystems and reducing vulnerability to climate impacts.   Technical design should address aspects such as site preparation, slope, species selection, tree spacing, and maintenance, or how to remove pressures preventing natural vegetation from regrowing (e.g., livestock, fire).  
 Restoration plans should factor in projected climate impacts in order to be climate resilient."," If “no”, then what is missing from the plan?"," Develop an ecosystem restoration plan informed by the best science and factoring in climate change.
 Review restoration plans of successful restoration experiences elsewhere to gain insights on best practice.
",
27,Implement,Technical design,"27. Restoration limits """"leakage""""","  Does the restoration process have provisions in place (e.g., policies, practices, incentives, yield improvements) that limit leakage or is unfolding in a manner that reduces leakage? Do restoration activities avoid displacement of landusers to other areas where they have no option but to transform/clear natural ecosystems for agricultural land uses?","Ecosystem restoration in the candidate landscape avoids transferring land clearing activities to other locations (“leakage”), resulting in net increase of restored area."," There is a risk that ecosystem restoration in the target landscape could result in displacing the activities that were causing land degradation to some other landscape.
 While such “leakage” might result in an increase in the amount of restored area in the target landscape, it would result in an increase of degraded or deforested lands elsewhere.  
 Ways to limit leakage of restoration activities could include: Combining restoration with productive uses (e.g., agroforestry), providing local livelihood alternatives that do not require converting lands into agriculture, increasing agricultural efficiency so output doesn’t move to new areas, planning restoration at the landscape level to manage where activities shift and addressing underlying drivers of degradation. 
 For more information on reforestation in one country displacing deforestation to another country to another see: Meyfroidt and Lambin (2011)."," If “no”, then what measures are missing from the restoration process to avoid displacement of land degradation to other areas?"," Introduce measures that increase the productivity per hectare of crops, livestock, or timber from existing agricultural and forestry lands
 Introduce measures that decrease demand for crops, livestock, or timber
",
30,Implement,Feedback,30. Effective monitoring and evaluation system is in place,"Is there a monitoring system in place for tracking and evaluating restoration progress at the relevant landscape or national level, and does it align with the national and global monitoring systems?  ",A system for monitoring progress and evaluating impact of restoration in the candidate landscape exists.," Information for monitoring and evaluation should be gathered in a planned, ongoing way to provide insight and feedback on the implementation of restoration activities. Aspects to monitor may include hectares under restoration, survival rates of planted species, quantified economic and social benefits, and ecosystem service flows.
 Monitoring and evaluation systems may employ approaches such as remote sensing, crowd-sourced ground-level monitoring (e.g., using community, volunteers, and communication technologies), and surveys of inhabitants of the target landscape."," If “yes”, is baseline data already being gathered?
 If “no”, what aspects of a performance monitoring system are missing?
"," Whenever possible, establish a baseline (e.g., photos, satellite imagery, data on hectares and other measurements from the landscape as it is) to enable comparisons over time.
 Develop and implement a performance monitoring system (including remote sensing monitoring and ground-level participatory monitoring).
",
31,Implement,Feedback,"31.Early and ongoing suceesses are communicated
", Are restoration successes being communicated in the target landscape and the target audience being identified?,"Key successes in restoring the candidate landscape are promptly shared with stakeholders, ensuring they are informed of the progress and fostering a sense of partnership and engagement."," Communication may take the form of documentation and story coverage in media campaigns and social media, but may also include direct observation via visits of farmers, land managers, and decision makers to restoration sites.
 Achieving and publicly communicating success, including “early wins” can help maintain momentum, recruit more engagement, trigger replication elsewhere in the landscape, shore up political support, and sustain external financing."," If “yes”, how are the successes communicated (e.g., through what media)?
 If “no”, what media are available that could be utilized?
"," Publicly communicate restoration progress, success stories, and lessons learned.  Ensure the stories connect with the target audiences (e.g., images of progress, stories of benefits to people).",